-- phpMyAdmin SQL Dump
-- version 4.5.1
-- http://www.phpmyadmin.net
--
-- Host: 127.0.0.1
-- Generation Time: Feb 25, 2025 at 04:34 AM
-- Server version: 10.1.9-MariaDB
-- PHP Version: 7.0.0

SET SQL_MODE = "NO_AUTO_VALUE_ON_ZERO";
SET time_zone = "+00:00";


/*!40101 SET @OLD_CHARACTER_SET_CLIENT=@@CHARACTER_SET_CLIENT */;
/*!40101 SET @OLD_CHARACTER_SET_RESULTS=@@CHARACTER_SET_RESULTS */;
/*!40101 SET @OLD_COLLATION_CONNECTION=@@COLLATION_CONNECTION */;
/*!40101 SET NAMES utf8mb4 */;

--
-- Database: `wms_db`
--

-- --------------------------------------------------------

--
-- Table structure for table `admin`
--

CREATE TABLE `admin` (
  `admin_user` varchar(25) NOT NULL,
  `admin_pass` varchar(50) NOT NULL,
  `admin_nama` varchar(30) NOT NULL,
  `admin_alamat` varchar(250) NOT NULL,
  `admin_email` varchar(100) NOT NULL,
  `admin_telepon` varchar(15) NOT NULL,
  `admin_ip` varchar(12) NOT NULL,
  `admin_online` int(10) NOT NULL,
  `admin_level_kode` int(3) NOT NULL,
  `admin_status` varchar(100) NOT NULL,
  `admin_created` datetime NOT NULL DEFAULT CURRENT_TIMESTAMP,
  `admin_updated` datetime NOT NULL DEFAULT CURRENT_TIMESTAMP ON UPDATE CURRENT_TIMESTAMP
) ENGINE=InnoDB DEFAULT CHARSET=latin1;

--
-- Dumping data for table `admin`
--

INSERT INTO `admin` (`admin_user`, `admin_pass`, `admin_nama`, `admin_alamat`, `admin_email`, `admin_telepon`, `admin_ip`, `admin_online`, `admin_level_kode`, `admin_status`, `admin_created`, `admin_updated`) VALUES
('admin', '21232f297a57a5a743894a0e4a801fc3', 'Cesar Jr. Villarta', '1 Alley 27 Project 6', 'admin@mail.com', '09494795324', '', 0, 1, 'A', '2025-01-21 22:19:14', '2025-01-21 21:27:20'),
('staff', '1253208465b1efa876f982d8a9e73eef', 'staff', 'asd', '', 'asd', '', 0, 2, 'A', '2025-01-22 00:35:14', '2025-01-22 00:35:14'),
('staff1', 'ab4c31c66f9fe6485aefd34c3c9c88a1', 'Staff 101', 'Sample Address', '', '4569872', '', 0, 2, 'A', '2022-06-13 09:34:04', '2022-06-13 09:42:46'),
('staff2', '2bf4351232ec393d2a436d73dcb69dcf', 'Staff 102', 'Sample Address', '', '7864321', '', 0, 3, 'A', '2022-06-13 09:34:26', '2022-06-13 09:43:46'),
('unigear', '21232f297a57a5a743894a0e4a801fc3', 'Lovely Faith Lina', 'QC', '', '12345678', '', 0, 1, 'A', '2025-01-24 22:06:19', '2025-01-24 22:06:19');

-- --------------------------------------------------------

--
-- Table structure for table `admin_level`
--

CREATE TABLE `admin_level` (
  `admin_level_kode` int(3) NOT NULL,
  `admin_level_nama` varchar(30) NOT NULL,
  `admin_level_status` char(1) NOT NULL,
  `admin_level_created` datetime NOT NULL DEFAULT CURRENT_TIMESTAMP,
  `admin_level_updated` datetime NOT NULL DEFAULT CURRENT_TIMESTAMP ON UPDATE CURRENT_TIMESTAMP
) ENGINE=InnoDB DEFAULT CHARSET=latin1;

--
-- Dumping data for table `admin_level`
--

INSERT INTO `admin_level` (`admin_level_kode`, `admin_level_nama`, `admin_level_status`, `admin_level_created`, `admin_level_updated`) VALUES
(1, 'Administrator', 'A', '2018-07-26 22:31:41', '2018-07-26 22:31:41'),
(2, 'Staff Supplier', 'A', '2018-07-26 22:31:41', '2018-08-17 16:45:27'),
(3, 'Staff Customer', 'A', '2018-08-17 16:45:45', '2018-08-17 16:45:45');

-- --------------------------------------------------------

--
-- Table structure for table `customer`
--

CREATE TABLE `customer` (
  `id_customer` int(11) NOT NULL,
  `nama_customer` varchar(100) NOT NULL,
  `alamat_customer` varchar(100) NOT NULL,
  `notelp_customer` varchar(12) NOT NULL,
  `customer_created` datetime NOT NULL DEFAULT CURRENT_TIMESTAMP,
  `customer_updated` datetime NOT NULL DEFAULT CURRENT_TIMESTAMP ON UPDATE CURRENT_TIMESTAMP
) ENGINE=InnoDB DEFAULT CHARSET=latin1;

--
-- Dumping data for table `customer`
--

INSERT INTO `customer` (`id_customer`, `nama_customer`, `alamat_customer`, `notelp_customer`, `customer_created`, `customer_updated`) VALUES
(3, 'FABRICATION - DEPARTMENT', 'UNIGEAR - PLANT', '00000000', '2022-01-19 17:13:24', '2025-01-30 06:27:20'),
(6, 'ENGINEERING DEPARTMENT', 'UNIGEAR - PLANT', '000000000', '2022-01-19 17:14:54', '2025-01-30 06:27:44'),
(10, 'BUSBARRING  DEPT', 'UNIGEAR - PLANT', '000000', '2022-06-13 09:15:59', '2025-01-30 06:26:51');

-- --------------------------------------------------------

--
-- Table structure for table `identitas`
--

CREATE TABLE `identitas` (
  `identitas_id` int(3) NOT NULL,
  `identitas_website` varchar(250) NOT NULL,
  `identitas_deskripsi` text NOT NULL,
  `identitas_keyword` text NOT NULL,
  `identitas_alamat` varchar(250) NOT NULL,
  `identitas_notelp` char(20) NOT NULL,
  `identitas_fb` varchar(100) NOT NULL,
  `identitas_email` varchar(100) NOT NULL,
  `identitas_tw` varchar(100) NOT NULL,
  `identitas_gp` varchar(100) NOT NULL,
  `identitas_yb` varchar(100) NOT NULL,
  `identitas_favicon` varchar(250) NOT NULL,
  `identitas_author` varchar(100) NOT NULL,
  `identitas_created` datetime NOT NULL DEFAULT CURRENT_TIMESTAMP,
  `identitas_updated` datetime NOT NULL DEFAULT CURRENT_TIMESTAMP ON UPDATE CURRENT_TIMESTAMP
) ENGINE=InnoDB DEFAULT CHARSET=latin1;

--
-- Dumping data for table `identitas`
--

INSERT INTO `identitas` (`identitas_id`, `identitas_website`, `identitas_deskripsi`, `identitas_keyword`, `identitas_alamat`, `identitas_notelp`, `identitas_fb`, `identitas_email`, `identitas_tw`, `identitas_gp`, `identitas_yb`, `identitas_favicon`, `identitas_author`, `identitas_created`, `identitas_updated`) VALUES
(1, 'Unigear Phils Corp', 'Unigear Philippines Corp  Inventory Management System ', 'Unigear Philippines Corp  Inventory Management System ', 'Lily st. Maligaya Park Subdivision Brgy Pasong Putik, Quezon City, Philippines, 8994-4728 / 0942-377-1695', '', 'https://www.facebook.com/unigear', 'info@unigearphilscorp.com', 'https://twitter.com/Unigear', 'http://unigearphilscorp.com', 'https://www.youtube.com/unigear', 'a6a748eec44ec9aa4f137953806d4c8e.png', 'CI PHP - Project', '2025-01-20 22:19:42', '2025-01-22 00:29:09');

-- --------------------------------------------------------

--
-- Table structure for table `limitstock`
--

CREATE TABLE `limitstock` (
  `limitstock_id` int(11) NOT NULL,
  `stock` int(11) NOT NULL,
  `limitstock_created` datetime DEFAULT CURRENT_TIMESTAMP,
  `limitstock_updated` datetime NOT NULL DEFAULT CURRENT_TIMESTAMP ON UPDATE CURRENT_TIMESTAMP
) ENGINE=InnoDB DEFAULT CHARSET=latin1;

--
-- Dumping data for table `limitstock`
--

INSERT INTO `limitstock` (`limitstock_id`, `stock`, `limitstock_created`, `limitstock_updated`) VALUES
(1, 5, '2025-01-21 23:33:38', '2025-02-20 23:49:16');

-- --------------------------------------------------------

--
-- Table structure for table `master_barang`
--

CREATE TABLE `master_barang` (
  `id_barang` int(11) NOT NULL,
  `nama_barang` varchar(255) NOT NULL,
  `description` varchar(255) NOT NULL,
  `merek` varchar(255) NOT NULL,
  `stock` int(11) NOT NULL,
  `barang_created` datetime NOT NULL DEFAULT CURRENT_TIMESTAMP,
  `barang_updated` datetime NOT NULL DEFAULT CURRENT_TIMESTAMP ON UPDATE CURRENT_TIMESTAMP
) ENGINE=MyISAM DEFAULT CHARSET=latin1;

--
-- Dumping data for table `master_barang`
--

INSERT INTO `master_barang` (`id_barang`, `nama_barang`, `description`, `merek`, `stock`, `barang_created`, `barang_updated`) VALUES
(10, '150 x 406 x 995 ', 'BOX -SM-N12 W/O COVER', 'brand', 1, '0000-00-00 00:00:00', '0000-00-00 00:00:00'),
(11, '150 x 406 x 925', 'BOX - SM-N12 - 7233', 'brand', 1, '0000-00-00 00:00:00', '0000-00-00 00:00:00'),
(12, '150 x 406 x 640', 'BOX - SM-N12 - 7233', 'brand', 5, '0000-00-00 00:00:00', '0000-00-00 00:00:00'),
(13, '150 x 406 x 675', 'BOX - SM-N12 - 7233', 'brand', 1, '0000-00-00 00:00:00', '0000-00-00 00:00:00'),
(14, '150 x 406 x 650', 'BOX - SM-N12 - 7233', 'brand', 3, '0000-00-00 00:00:00', '0000-00-00 00:00:00'),
(15, '150 x 406 x 680', 'BOX - SM-N12 - 7233', 'brand', 3, '0000-00-00 00:00:00', '0000-00-00 00:00:00'),
(16, '150 x 406 x 645', 'BOX - SM-N12 - 7233', 'brand', 3, '0000-00-00 00:00:00', '0000-00-00 00:00:00'),
(17, '150 x 406 x 570', 'BOX - SM-N12 - 7233', 'brand', 1, '0000-00-00 00:00:00', '0000-00-00 00:00:00'),
(18, '150 x 406 x 960', 'BOX - SM-N12 - 7233', 'brand', 1, '0000-00-00 00:00:00', '0000-00-00 00:00:00'),
(19, '150 x 406 x 670', 'BOX - SM-N12 - 7233', 'brand', 2, '0000-00-00 00:00:00', '0000-00-00 00:00:00'),
(20, '150 x 406 x 685', 'BOX - SM-N12 - 7233', 'brand', 2, '0000-00-00 00:00:00', '0000-00-00 00:00:00'),
(21, '150 x 406 x 980', 'BOX - SM-N12 - 7233', 'brand', 1, '0000-00-00 00:00:00', '0000-00-00 00:00:00'),
(22, '150 x 406 x 660', 'BOX - SM-N12 - 7233', 'brand', 4, '0000-00-00 00:00:00', '0000-00-00 00:00:00'),
(23, '150 x 406 x 635', 'BOX - SM-N12 - 7233', 'brand', 2, '0000-00-00 00:00:00', '0000-00-00 00:00:00'),
(24, '140 x 370 x 560', 'BOX - SM-N12 - 7233', 'brand', 1, '0000-00-00 00:00:00', '0000-00-00 00:00:00'),
(25, '150 x 500 x 430', 'BOX - SM-N12 - 7233', 'brand', 1, '0000-00-00 00:00:00', '0000-00-00 00:00:00'),
(26, '150 x 500 x 700', 'BOX - SM-N12 - 7233', 'brand', 2, '0000-00-00 00:00:00', '0000-00-00 00:00:00'),
(27, '150 x 500 x 730', 'BOX - SM-N12 - 7233', 'brand', 1, '0000-00-00 00:00:00', '0000-00-00 00:00:00'),
(28, '150 x 500 x 980', 'BOX - SM-N12 - 7233', 'brand', 1, '0000-00-00 00:00:00', '0000-00-00 00:00:00'),
(29, '150 x 500 x 630', 'BOX - SM-N12 - 7233', 'brand', 1, '0000-00-00 00:00:00', '0000-00-00 00:00:00'),
(30, '150 x 505 x 700', 'BOX - SM-N12 - 7233', 'brand', 1, '0000-00-00 00:00:00', '0000-00-00 00:00:00'),
(31, '150 x 510 x 610', 'BOX - SM-N12 - 7233', 'brand', 1, '0000-00-00 00:00:00', '0000-00-00 00:00:00'),
(32, '150 x 445 x 780', 'BOX - SM-N12 - 7233', 'brand', 1, '0000-00-00 00:00:00', '0000-00-00 00:00:00'),
(33, '150 x 550 x 650 ', 'BOX - SM-N12 - 7233', 'brand', 1, '0000-00-00 00:00:00', '0000-00-00 00:00:00'),
(34, '150 x 550 x 880', 'BOX - SM-N12 - 7233', 'brand', 1, '0000-00-00 00:00:00', '0000-00-00 00:00:00'),
(35, '150 x 450 x 630', 'BOX - SM-N12 - 7233', 'brand', 1, '0000-00-00 00:00:00', '0000-00-00 00:00:00'),
(36, '150 x 450 x 760', 'BOX - SM-N12 - 7233', 'brand', 1, '0000-00-00 00:00:00', '0000-00-00 00:00:00'),
(37, '150 x 450 x 590', 'BOX - SM-N12 - 7233', 'brand', 1, '0000-00-00 00:00:00', '0000-00-00 00:00:00'),
(38, '150 x 400 x 610', 'BOX - SM-N12 - 7233', 'brand', 1, '0000-00-00 00:00:00', '0000-00-00 00:00:00'),
(39, '150 x 400 x 680', 'BOX - SM-N12 - 7233', 'brand', 1, '0000-00-00 00:00:00', '0000-00-00 00:00:00'),
(40, '150 x 410 x 670', 'BOX - SM-N12 - 7233', 'brand', 1, '0000-00-00 00:00:00', '0000-00-00 00:00:00'),
(41, '50 x 340 x 850', 'BOX - SM-N12 - 7233', 'brand', 1, '0000-00-00 00:00:00', '0000-00-00 00:00:00'),
(42, '50 x 350 x  640', 'BOX - SM-N12 - 7233', 'brand', 1, '0000-00-00 00:00:00', '0000-00-00 00:00:00'),
(43, '60 x 410 x 700', 'BOX - SM-N12 - 7233', 'brand', 1, '0000-00-00 00:00:00', '0000-00-00 00:00:00'),
(44, '180 x 345 x 950', 'BOX - SM-N12 - 7233', 'brand', 2, '0000-00-00 00:00:00', '0000-00-00 00:00:00'),
(45, '180 x 400 x 950 ', 'BOX - SM-N12 - 7233', 'brand', 1, '0000-00-00 00:00:00', '0000-00-00 00:00:00'),
(46, '180 x 406 x 730', 'BOX - SM-N12 - 7233', 'brand', 1, '0000-00-00 00:00:00', '0000-00-00 00:00:00'),
(47, '180 x 460 x 760', 'BOX - SM-N12 - 7233', 'brand', 1, '0000-00-00 00:00:00', '0000-00-00 00:00:00'),
(48, '180 x 460 x 750 ', 'BOX - SM-N12 - 7233', 'brand', 1, '0000-00-00 00:00:00', '0000-00-00 00:00:00'),
(49, '180 x 510 x 605', 'BOX - SM-N12 - 7233', 'brand', 1, '0000-00-00 00:00:00', '0000-00-00 00:00:00'),
(50, '180 x 550 x 750', 'BOX - SM-N12 - 7233', 'brand', 1, '0000-00-00 00:00:00', '0000-00-00 00:00:00'),
(51, '180 x 550 x 725', 'BOX - SM-N12 - 7233', 'brand', 1, '0000-00-00 00:00:00', '0000-00-00 00:00:00'),
(52, '180 x 550 x 740', 'BOX - SM-N12 - 7233', 'brand', 1, '0000-00-00 00:00:00', '0000-00-00 00:00:00'),
(53, '180 x 580 x 710', 'BOX - SM-N12 - 7233', 'brand', 1, '0000-00-00 00:00:00', '0000-00-00 00:00:00'),
(54, '130 x 400 x 475', 'BOX - SM-N12 - 7233', 'brand', 1, '0000-00-00 00:00:00', '0000-00-00 00:00:00'),
(55, '130 x 400 x 1000', 'BOX - SM-N12 - 7233', 'brand', 1, '0000-00-00 00:00:00', '0000-00-00 00:00:00'),
(56, '130 x 400 x 625', 'BOX - SM-N12 - 7233', 'brand', 1, '0000-00-00 00:00:00', '0000-00-00 00:00:00'),
(57, '130 x 400 x 520', 'BOX - SM-N12 - 7233', 'brand', 1, '0000-00-00 00:00:00', '0000-00-00 00:00:00'),
(58, '130 x 400 x 690', 'BOX - SM-N12 - 7233', 'brand', 1, '0000-00-00 00:00:00', '0000-00-00 00:00:00'),
(59, '130 x 406 x 665', 'BOX - SM-N12 - 7233', 'brand', 1, '0000-00-00 00:00:00', '0000-00-00 00:00:00'),
(60, '130 x 406 x 780', 'BOX - SM-N12 - 7233', 'brand', 1, '0000-00-00 00:00:00', '0000-00-00 00:00:00'),
(61, '200x 505 x 915', 'BOX - SM-N12 - 7233', 'brand', 1, '0000-00-00 00:00:00', '0000-00-00 00:00:00'),
(62, '215 x 570 x 1300', 'BOX - SM-N12 - 7233', 'brand', 1, '0000-00-00 00:00:00', '0000-00-00 00:00:00'),
(63, '280 x 700 x 1460', 'BOX - SM-N12 - 7233', 'brand', 1, '0000-00-00 00:00:00', '0000-00-00 00:00:00'),
(64, '280 x 700 x 1340', 'BOX - SM-N12 - 7233', 'brand', 1, '0000-00-00 00:00:00', '0000-00-00 00:00:00'),
(65, '280 x 500 x 1410', 'BOX - SM-N12 - 7233', 'brand', 1, '0000-00-00 00:00:00', '0000-00-00 00:00:00'),
(66, '450 x 550 x 1130', 'BOX - SM-N12 - 7233', 'brand', 1, '0000-00-00 00:00:00', '0000-00-00 00:00:00'),
(67, '150 x 406 x 590 ', 'BOX - SM-N12 - BEIGE', 'brand', 1, '0000-00-00 00:00:00', '0000-00-00 00:00:00'),
(68, '150 x 350 x 510', 'BOX - SM-N12 - BEIGE', 'brand', 1, '0000-00-00 00:00:00', '0000-00-00 00:00:00'),
(69, '180 x 406 x 845', 'BOX - SM-N12 - BEIGE', 'brand', 1, '0000-00-00 00:00:00', '0000-00-00 00:00:00'),
(70, '185 x 406 x 965', 'BOX - SM-N12 - BEIGE', 'brand', 1, '0000-00-00 00:00:00', '0000-00-00 00:00:00'),
(71, '170 x 450 x 950', 'BOX - SM-N3R - STAINLESS', 'brand', 1, '0000-00-00 00:00:00', '0000-00-00 00:00:00'),
(72, '155 x 400 x 600', 'BOX - SM-N3R - BEIGE ', 'brand', 1, '0000-00-00 00:00:00', '0000-00-00 00:00:00'),
(73, '250 x 300 x 2000', 'GUTTER BOX - SM-N1', 'brand', 1, '0000-00-00 00:00:00', '0000-00-00 00:00:00'),
(74, '250 x 300 x 2000', 'GUTTER BOX - SM-N1', 'brand', 1, '0000-00-00 00:00:00', '0000-00-00 00:00:00'),
(75, '300 x 300 x 110', 'PULLBOX - 7233', 'brand', 1, '0000-00-00 00:00:00', '0000-00-00 00:00:00'),
(76, '300 x 300 x 800', 'PULLBOX - 7233', 'brand', 1, '0000-00-00 00:00:00', '0000-00-00 00:00:00'),
(77, '300 x 300 x 900', 'PULLBOX - 7233', 'brand', 3, '0000-00-00 00:00:00', '0000-00-00 00:00:00'),
(78, '400 x 800 x 800', 'PULLBOX - 7233', 'brand', 1, '0000-00-00 00:00:00', '0000-00-00 00:00:00'),
(79, '95 x 175 x 220', 'ECB - N3R - 7233', 'brand', 15, '0000-00-00 00:00:00', '0000-00-00 00:00:00'),
(80, '110 x 200 x 305', 'ECB - N3R - 7233', 'brand', 0, '0000-00-00 00:00:00', '0000-00-00 00:00:00'),
(81, '110x 190 x 305', 'ECB - N3R - 7233', 'brand', 18, '0000-00-00 00:00:00', '0000-00-00 00:00:00'),
(82, '100 x 200 x 355', 'ECB - N3R - 7233', 'brand', 7, '0000-00-00 00:00:00', '0000-00-00 00:00:00'),
(83, '130 x 160 x 255', 'ECB - N3R - 7233', 'brand', 4, '0000-00-00 00:00:00', '0000-00-00 00:00:00'),
(84, '100x 180 x 340', 'ECB - N3R - 7233', 'brand', 3, '0000-00-00 00:00:00', '0000-00-00 00:00:00'),
(85, '95 x 200x 280', 'ECB - N3R - 7233', 'brand', 2, '0000-00-00 00:00:00', '0000-00-00 00:00:00'),
(86, '110 x 170 x 505', 'ECB - N3R - 7233', 'brand', 2, '0000-00-00 00:00:00', '0000-00-00 00:00:00'),
(87, '100 x 180 x 340 ', 'ECB - N1 - 7233', 'brand', 3, '0000-00-00 00:00:00', '0000-00-00 00:00:00'),
(88, '200 x 300 x 400', 'ECB - N1 - 7233', 'brand', 1, '0000-00-00 00:00:00', '0000-00-00 00:00:00'),
(89, '80x 210 x 250', 'UNIGEAR BOX - BEIGE ', 'brand', 50, '0000-00-00 00:00:00', '0000-00-00 00:00:00'),
(90, '20x 215 x 245', 'UNIGEAR BOX - 7233', 'brand', 1, '0000-00-00 00:00:00', '0000-00-00 00:00:00'),
(91, '26 WAYS', 'THERMOPLASTIC - JUNON BOX', 'brand', 1, '0000-00-00 00:00:00', '0000-00-00 00:00:00'),
(92, '16 WAYS ', 'THERMOPLASTIC - JUNON BOX', 'THERMOPLASTIC', 1, '0000-00-00 00:00:00', '2025-02-06 05:38:48'),
(93, '19 WAYS', 'THERMOPLASTIC - JUNON BOX', 'brand', 1, '0000-00-00 00:00:00', '0000-00-00 00:00:00'),
(740, 'BM100SN- 75AT, 2P', 'BM100SN- 75AT, 2P', 'SHINLIN - BREAKER', 0, '2025-02-06 05:17:45', '2025-02-06 05:17:45'),
(339, 'A9F74340', 'MCB - 40AT, 3P', 'SCHNEIDER ELECTRIC', 0, '2025-02-03 07:15:52', '2025-02-03 07:15:52'),
(330, 'A9F74132', 'MCB - 32AT, 1P', 'SCHNEIDER ELECTRIC', 0, '2025-02-03 07:03:26', '2025-02-03 07:03:26'),
(346, 'A9F74216', 'MCB - 16AT, 2P', 'SCHNEIDER ELECTRIC', 0, '2025-02-03 07:22:34', '2025-02-03 07:22:34'),
(327, 'A9F74140', 'MINIATURE CIRCUIT BREAKER - 40AT, 1P', 'SCHNEIDER ELECTRIC', 18, '2025-02-03 06:37:37', '2025-02-03 06:52:23'),
(341, 'A9F7474263', 'MCB - 63AT, 2P', 'SCHNEIDER ELECTRIC', 0, '2025-02-03 07:16:59', '2025-02-03 07:16:59'),
(333, 'A9F74220', 'MCB - 20AT, 2P ', 'SCHNEIDER ELECTRIC', 0, '2025-02-03 07:07:11', '2025-02-03 07:07:11'),
(332, 'A9F74232', 'MCB - 32AT, 2P', '`SCHNEIDER ELECTRIC', 0, '2025-02-03 07:06:38', '2025-02-03 07:06:38'),
(349, 'EZ9F516216', 'MCB - 16AT, 2P', 'SCHNEIDER ELECTRIC', 0, '2025-02-03 07:31:11', '2025-02-03 07:31:11'),
(350, 'EZ9F56232', 'MCB - 32AT, 2P', 'SCHNEIDER ELECTRIC', 0, '2025-02-03 07:31:45', '2025-02-03 07:31:45'),
(351, 'EZ9F51240', 'MCB - 40AT, 2P', 'SCHNEIDER ELECTRIC', 0, '2025-02-03 07:32:22', '2025-02-03 07:32:22'),
(352, 'EZ9F51263', 'MCB - 63AT, 2P', 'SCHNEIDER ELECTRIC', 0, '2025-02-03 07:32:55', '2025-02-03 07:32:55'),
(353, 'EZ9F51340', 'MCB - 40AT, 3P', 'SCHNEIDER ELECTRIC', 0, '2025-02-03 07:33:30', '2025-02-03 07:33:30'),
(107, 'A9F74332', 'CIRCUIT BREAKER - SE - MCB 32A, 3P', 'brand', 10, '0000-00-00 00:00:00', '0000-00-00 00:00:00'),
(345, 'A9F74240', 'MCB - 40AT, 2P', 'SCHNEIDER ELECTRIC', 0, '2025-02-03 07:21:41', '2025-02-03 07:21:41'),
(342, 'A9F74363', 'MCB 63AT, 3P', 'SCHNEIDER ELECTRIC', 0, '2025-02-03 07:18:34', '2025-02-03 07:18:34'),
(343, 'A9F74263', 'MCB - 63AT, 2P', 'SCHNEIDER ELECTRIC ', 0, '2025-02-03 07:20:06', '2025-02-03 07:20:06'),
(344, 'A9F74250', 'MCB - 50AT, 2P', 'SCHNEIDER ELECTRIC', 0, '2025-02-03 07:21:08', '2025-02-03 07:21:08'),
(347, 'EZ9F56206', 'MCB - 6AT, 2P', 'SCHNEIDER ELECTRIC', 0, '2025-02-03 07:23:28', '2025-02-03 07:23:28'),
(348, 'EZ956206', 'MCB - 6AT, 2P', 'SCHNEIDER ELECTRIC', 0, '2025-02-03 07:30:40', '2025-02-03 07:30:40'),
(362, 'EZC100N3050', 'MCCB - 50AT, 3P', 'SCHNEIDER ELECTRIC', 0, '2025-02-03 07:42:53', '2025-02-06 08:12:55'),
(116, 'EZ9F51232', 'CIRCUIT BREAKER - SE - MCB 32A, 2P', 'brand', 5, '0000-00-00 00:00:00', '0000-00-00 00:00:00'),
(361, 'EZC100H3075', 'MCCB - 75AT, 3P', 'SCHNEIDER ELECTRIC', 0, '2025-02-03 07:42:24', '2025-02-03 07:42:24'),
(766, 'EZC100F3040', 'MCCB - 40AT, 3P', 'SCHNEIDER', 0, '2025-02-06 07:53:48', '2025-02-06 07:53:48'),
(356, 'A9N18357', 'MCB 80AT, 1P ', 'SCHNEIDER ELECTRIC', 0, '2025-02-03 07:39:09', '2025-02-03 07:39:09'),
(120, 'EZ9F51363', 'CIRCUIT BREAKER - SE - MCB 63A, 3P', 'brand', 1, '0000-00-00 00:00:00', '0000-00-00 00:00:00'),
(331, 'A9F74206', 'MCB - 6AT, 2P', 'SCHNEIDER ELECTRIC', 0, '2025-02-03 07:05:20', '2025-02-03 07:05:55'),
(357, 'A9N18362', 'MCB 100AT, 2P', 'SCHNEIDER ELECTRIC', 0, '2025-02-03 07:39:51', '2025-02-03 07:39:51'),
(418, 'QOB220', 'BOLT ON - 20AT, 2P', 'SCHNEIDER ELECTRIC', 0, '2025-02-03 08:42:41', '2025-02-03 08:42:41'),
(358, 'A9N18363', 'MCB - 125AT, 2P', 'SCHNEIDER ELECTRIC', 0, '2025-02-03 07:40:45', '2025-02-03 07:40:45'),
(373, 'EZC250H2200', 'MCCB - 200AT, 2P', 'SCHNEIDER ELECTRIC', 0, '2025-02-03 07:49:59', '2025-02-03 07:49:59'),
(377, 'EZC100H2060', 'MCCB - 60AT, 2P', 'SCHNEIDER ELECTRIC', 0, '2025-02-03 07:53:09', '2025-02-03 07:53:09'),
(371, 'EZC250H2225', 'MCCB - 225AT, 2P', 'SCHNEIDER ELECTRIC', 0, '2025-02-03 07:49:08', '2025-02-03 07:49:08'),
(420, 'QOBV220', 'PLUG IN - 20AT, 2P', 'SQUARE D', 0, '2025-02-03 08:43:34', '2025-02-03 08:43:34'),
(370, 'EZC250F3160', 'MCCB - 160AT, 3P', 'SCHNEIDER ELECTRIC', 0, '2025-02-03 07:48:43', '2025-02-03 07:48:43'),
(130, 'EZC100N3050', 'CIRCUIT BREAKER - SE - MCCB 50AT, 3P', 'SCHNEIDER', 1, '0000-00-00 00:00:00', '2025-02-06 06:49:32'),
(369, 'EZC250H3125', 'MCCB - 125AT, 3P', 'SCHNEIDER ELECTRIC', 0, '2025-02-03 07:48:13', '2025-02-03 07:48:13'),
(368, 'EZC250F3200', 'MCCB - 200AT, 3P', 'SCHNEIDER ELECTRIC', 0, '2025-02-03 07:47:47', '2025-02-03 07:47:47'),
(367, 'NSX250F', 'MCCB - 200AT, 3P', 'SCHNEIDER ELECTRIC', 0, '2025-02-03 07:47:23', '2025-02-03 07:47:23'),
(134, 'NSX-250F', 'CIRCUIT BREAKER - SE - MCCB 200A, 3P', 'brand', 1, '0000-00-00 00:00:00', '0000-00-00 00:00:00'),
(389, 'EZC100N1020', 'MCCB - 20AT, 1P', 'SCHNEIDER ELECTRIC', 0, '2025-02-03 08:01:28', '2025-02-03 08:01:28'),
(388, 'EZC100H1020', 'MCCB - 20AT, 1P', 'SCHNEIDER ELECTRIC', 0, '2025-02-03 08:01:04', '2025-02-03 08:01:04'),
(387, 'EZC100H1040', 'MCCB - 40AT, 1P', 'SCHNEIDER ELECTRIC', 0, '2025-02-03 08:00:40', '2025-02-03 08:00:40'),
(381, 'EZC250H2100', 'MCCB - 100AT, 2P', 'SCHNEIDER ELECTRIC', 0, '2025-02-03 07:56:21', '2025-02-03 07:56:21'),
(375, 'EZC250H2125', 'MCCB - 125AT, 2P', 'SCHNEIDER ELECTRIC', 0, '2025-02-03 07:51:47', '2025-02-03 07:51:47'),
(140, 'EZC250H2220', 'CIRCUIT BREAKER - SE - MCCB 200A, 2P', 'brand', 2, '0000-00-00 00:00:00', '0000-00-00 00:00:00'),
(416, 'QOB260', 'BOLT ON - 60AT, 2P', 'SCHNEIDER ELECTRIC', 0, '2025-02-03 08:41:57', '2025-02-03 08:41:57'),
(386, 'EZC100H1030', 'MCCB - 30AT, 1P', 'SCHNEIDER ELECTRIC', 0, '2025-02-03 08:00:15', '2025-02-03 08:00:15'),
(415, 'QOB270', 'BOLT ON - 70AT, 2P', 'SCHNEIDER ELECTRIC', 0, '2025-02-03 08:41:30', '2025-02-03 08:41:30'),
(384, 'EAC100N1075', 'MCCB - 75AT, 1P', 'SCHNEIDER ELECTRIC', 0, '2025-02-03 07:59:22', '2025-02-03 07:59:22'),
(383, 'EZC100H1075', 'MCCB - 75AT, 1P', 'SCHNEIDER ELECTRIC', 0, '2025-02-03 07:59:01', '2025-02-03 07:59:01'),
(382, 'EZC100H2080', 'MCCB - 80AT, 2P', 'SCHNEIDER ELECTRIC', 0, '2025-02-03 07:58:30', '2025-02-03 07:58:30'),
(395, 'NS1250N', 'MCCB - 1250AT, 3P', 'SCHNEIDER ELECTRIC', 0, '2025-02-03 08:10:17', '2025-02-03 08:10:17'),
(148, 'EZC100N1075', 'CIRCUIT BREAKER - SE - MCCB 75A, 1P', 'SCHNEIDER', 8, '0000-00-00 00:00:00', '2025-02-06 06:51:13'),
(394, 'EZC400N3320', 'MCCB - 320AT, 3P', 'SCHNEIDER ELECTRIC', 0, '2025-02-03 08:09:50', '2025-02-03 08:09:50'),
(393, 'EZC630N3500N', 'MCCB - 500AT, 3P', 'SCHNEIDER ELECTRIC', 0, '2025-02-03 08:09:17', '2025-02-03 08:09:17'),
(392, 'G20B3A200', 'MCCB - 200AT, 3P', 'SCHNEIDER ELECTRIC', 0, '2025-02-03 08:08:45', '2025-02-03 08:08:45'),
(391, 'G12E3F80', 'MCCB - 80AT, 3P', 'SCHNEIDER ELECTRIC', 0, '2025-02-03 08:07:55', '2025-02-03 08:07:55'),
(390, 'PM2120', 'DIGITAL METER - 5 LINE DISPLAY', 'SCHNEIDER ELECTRIC', 0, '2025-02-03 08:03:23', '2025-02-03 08:03:23'),
(154, 'PM2120', 'DIGITAL METER 5 LINE DISPLAY', 'brand', 3, '0000-00-00 00:00:00', '0000-00-00 00:00:00'),
(155, 'LC1D12M7 ', 'CONTACTOR - 12A, 3P', 'SCHNEIDER ', 1, '0000-00-00 00:00:00', '2025-02-04 06:37:43'),
(156, 'LC1D18M7', 'CONTACTOR - 18A, 3P', 'SCHNEIDER', 1, '0000-00-00 00:00:00', '2025-02-04 06:47:44'),
(157, 'LC1D25M7', 'CONTACTOR - 25A, 3P', 'SCHNEIDER', 1, '0000-00-00 00:00:00', '2025-02-04 06:48:23'),
(158, 'G12E380', 'CIRCUIT BREAKER - SE - MCCB 80A, 3P', 'brand', 1, '0000-00-00 00:00:00', '0000-00-00 00:00:00'),
(803, 'QOB 270', 'MCB / MCCB - 70AT,2P', 'SCHNEIDER', 52, '2025-02-07 00:29:49', '2025-02-07 00:38:50'),
(402, 'EZC100N3060', 'MCCB - 60AT, 3P', 'SCHNEIDER ELECTRIC', 0, '2025-02-03 08:18:43', '2025-02-03 08:18:43'),
(401, 'EZC100H3040', 'MCCB - 40AT, 3P', 'SCHNEIDER ELECTRIC', 0, '2025-02-03 08:18:21', '2025-02-03 08:18:21'),
(777, 'EZC250H2125', 'MCCB- 125AT, 2P', 'SVHNEIDER', 4, '2025-02-06 08:16:43', '2025-02-06 08:20:29'),
(399, 'EZC400N3400', 'MCCB - 400AT, 3P', 'SCHNEIDER ELECTRIC', 0, '2025-02-03 08:16:52', '2025-02-03 08:16:52'),
(398, 'EZC630N3600', 'MCCB - 600AT, 2P', 'SCHNEIDER ELECTRIC', 0, '2025-02-03 08:16:20', '2025-02-03 08:16:20'),
(434, 'HDM3 - 30160', 'MCCB - 160AT, 3P', 'HIMEL', 0, '2025-02-03 08:57:36', '2025-02-04 03:49:46'),
(433, 'HDM1 - 20225', 'MCCB - 225AT, 2P', 'HIMEL', 0, '2025-02-03 08:56:56', '2025-02-04 03:48:09'),
(432, 'HDM3 - 3050', 'MCCB - 50AT, 3P', 'HIMEL', 0, '2025-02-03 08:50:47', '2025-02-04 03:51:45'),
(431, 'HDM3 - 3032', 'MCCB - 32AT, 3P', 'HIMEL', 0, '2025-02-03 08:50:05', '2025-02-04 03:50:53'),
(430, 'HDM3 - 3063', 'MCCB - 63AT, 3P', 'HIMEL', 0, '2025-02-03 08:49:48', '2025-02-04 03:52:21'),
(429, 'HDM3 - 80A', 'MCCB - 80AT, 3P', 'HIMEL', 0, '2025-02-03 08:49:29', '2025-02-03 08:49:29'),
(428, 'HDM3 - 30100', 'MCCB - 100AT, 3P', 'HIMEL', 0, '2025-02-03 08:49:07', '2025-02-04 03:49:27'),
(172, 'QOBVN220', 'CIRCUIT BREAKER - SE - PLUG-IN 20A, 2P', 'brand', 5, '0000-00-00 00:00:00', '0000-00-00 00:00:00'),
(427, 'HDM3 - 30200', 'MCCB - 200AT, 3P', 'HIMEL', 0, '2025-02-03 08:48:41', '2025-02-04 03:50:18'),
(426, 'HDM3 - 30350', 'MCCB - 350AT, 3P', 'HIMEL', 0, '2025-02-03 08:48:21', '2025-02-04 03:51:08'),
(425, 'HDM3 - 30500', 'MCCB - 500AT, 3P', 'HIMEL', 0, '2025-02-03 08:47:55', '2025-02-04 03:51:31'),
(176, 'HDM3-1250A', 'CIRCUIT BREAKER - HIMEL - MCCB 1250A, 3P', 'brand', 1, '0000-00-00 00:00:00', '2025-02-03 08:51:16'),
(177, 'HDM3-3500', 'CIRCUIT BREAKER - HIMEL - MCCB 500A, 3P', 'brand', 1, '0000-00-00 00:00:00', '0000-00-00 00:00:00'),
(178, 'HDM3-3350', 'CIRCUIT BREAKER - HIMEL - MCCB 350A, 3P', 'brand', 1, '0000-00-00 00:00:00', '0000-00-00 00:00:00'),
(179, 'HDM3-3200', 'CIRCUIT BREAKER - HIMEL - MCCB 200A, 3P', 'brand', 2, '0000-00-00 00:00:00', '0000-00-00 00:00:00'),
(180, 'HDM3-3100', 'CIRCUIT BREAKER - HIMEL - MCCB 100A, 3P', 'brand', 1, '0000-00-00 00:00:00', '0000-00-00 00:00:00'),
(181, 'HDM3-380', 'CIRCUIT BREAKER - HIMEL - MCCB 80A, 3P', 'brand', 1, '0000-00-00 00:00:00', '0000-00-00 00:00:00'),
(182, 'HDM3-363', 'CIRCUIT BREAKER - HIMEL - MCCB 63A, 3P', 'brand', 2, '0000-00-00 00:00:00', '0000-00-00 00:00:00'),
(183, 'HDM3-332', 'CIRCUIT BREAKER - HIMEL - MCCB 32A, 3P', 'brand', 3, '0000-00-00 00:00:00', '0000-00-00 00:00:00'),
(486, 'A1-A125-40AT,3P', 'MCB/MCCB-40AT,3P', 'ABB -BREAKER', 0, '2025-02-04 05:57:36', '2025-02-04 05:57:36'),
(185, 'HDM3-2160', 'CIRCUIT BREAKER - HIMEL - MCCB 160A, 2P', 'brand', 3, '0000-00-00 00:00:00', '0000-00-00 00:00:00'),
(186, 'HDM2-2125', 'CIRCUIT BREAKER - HIMEL - MCCB 125A, 2P', 'brand', 1, '0000-00-00 00:00:00', '0000-00-00 00:00:00'),
(187, 'HDM2-250', 'CIRCUIT BREAKER - HIMEL - MCCB 50A, 2P', 'brand', 1, '0000-00-00 00:00:00', '0000-00-00 00:00:00'),
(188, 'HDM2-240', 'CIRCUIT BREAKER - HIMEL - MCCB 40A, 2P', 'brand', 1, '0000-00-00 00:00:00', '0000-00-00 00:00:00'),
(189, 'HDM2-220', 'CIRCUIT BREAKER - HIMEL - MCCB 20A, 2P', 'brand', 8, '0000-00-00 00:00:00', '0000-00-00 00:00:00'),
(190, 'HDM2-120', 'CIRCUIT BREAKER - HIMEL - MCCB 20A, 1P', 'brand', 3, '0000-00-00 00:00:00', '0000-00-00 00:00:00'),
(191, 'HDM3-4200', 'CIRCUIT BREAKER - HIMEL - MCCB 20A, 4P', 'brand', 15, '0000-00-00 00:00:00', '0000-00-00 00:00:00'),
(192, 'HDM3-4160', 'CIRCUIT BREAKER - HIMEL - MCCB 160A, 4P', 'brand', 10, '0000-00-00 00:00:00', '0000-00-00 00:00:00'),
(193, 'HDB9-106', 'CIRCUIT BREAKER - HIMEL - MCB 6A, 1P', 'brand', 33, '0000-00-00 00:00:00', '0000-00-00 00:00:00'),
(194, 'HDB9-132', 'CIRCUIT BREAKER - HIMEL - MCB 32A, 1P', 'brand', 51, '0000-00-00 00:00:00', '0000-00-00 00:00:00'),
(195, 'HDB9-120', 'CIRCUIT BREAKER - HIMEL - MCB 20A, 1P', 'brand', 1, '0000-00-00 00:00:00', '0000-00-00 00:00:00'),
(196, 'HDB9-140', 'CIRCUIT BREAKER - HIMEL - MCB 40A, 1P', 'brand', 1, '0000-00-00 00:00:00', '0000-00-00 00:00:00'),
(197, 'HDB9-232', 'CIRCUIT BREAKER - HIMEL - MCB 32A, 2P', 'brand', 2, '0000-00-00 00:00:00', '0000-00-00 00:00:00'),
(198, 'HDB9-220', 'CIRCUIT BREAKER - HIMEL - MCB 20A, 2P', 'brand', 2, '0000-00-00 00:00:00', '0000-00-00 00:00:00'),
(199, 'HDB9-240', 'CIRCUIT BREAKER - HIMEL - MCB 40A, 2P', 'brand', 5, '0000-00-00 00:00:00', '0000-00-00 00:00:00'),
(200, 'HDB9-250', 'CIRCUIT BREAKER - HIMEL - MCB 50A, 2P', 'brand', 2, '0000-00-00 00:00:00', '0000-00-00 00:00:00'),
(201, 'HDB9-306', 'CIRCUIT BREAKER - HIMEL - MCB 6A, 3P', 'brand', 5, '0000-00-00 00:00:00', '0000-00-00 00:00:00'),
(202, 'HDB9-220', 'CIRCUIT BREAKER - HIMEL - MCB 20A, 3P', 'brand', 1, '0000-00-00 00:00:00', '0000-00-00 00:00:00'),
(203, 'HDB9-363', 'CIRCUIT BREAKER - HIMEL - MCB 63A, 3P', 'brand', 4, '0000-00-00 00:00:00', '0000-00-00 00:00:00'),
(204, 'HDB9-206', 'CIRCUIT BREAKER - HIMEL - MCB 6A, 2P', 'brand', 1, '0000-00-00 00:00:00', '0000-00-00 00:00:00'),
(205, 'HDB3-240', 'CIRCUIT BREAKER - HIMEL - RCBO 40A, 2P', 'brand', 4, '0000-00-00 00:00:00', '0000-00-00 00:00:00'),
(739, 'BM250SN - 250AT, 3P', 'BM250SN - 250AT, 3P', 'SHINLIN - BREAKER', 0, '2025-02-06 05:17:04', '2025-02-06 05:17:04'),
(738, 'S251S - 63AT, 1P', 'MCB / MCCB - 63AT, 1P', 'ABB', 0, '2025-02-06 05:15:15', '2025-02-06 05:15:15'),
(207, 'HDB2-2100', 'CIRCUIT BREAKER - HIMEL - MCB 100A, 2P', 'brand', 3, '0000-00-00 00:00:00', '0000-00-00 00:00:00'),
(208, 'HDB2-280', 'CIRCUIT BREAKER - HIMEL - MCB 80A, 2P', 'brand', 1, '0000-00-00 00:00:00', '0000-00-00 00:00:00'),
(209, 'HDB3-3100', 'CIRCUIT BREAKER - HIMEL - MCB 100A, 3P', 'brand', 4, '0000-00-00 00:00:00', '0000-00-00 00:00:00'),
(489, 'S251S -63AT,1P', 'MCB/MCCB - 63AT,1P', 'ABB- BREAKER', 1, '2025-02-04 06:01:06', '2025-02-10 02:31:53'),
(487, 'SH203-20AT,3P', 'MCB/MCCB-20AT,3P', 'ABB-BREAKER', 2, '2025-02-04 05:58:28', '2025-02-10 00:36:39'),
(488, 'SH202-32AT,2P', 'MCB/MCCB-32AT,2P', 'ABB- BREAKER', 3, '2025-02-04 05:59:41', '2025-02-10 02:31:20'),
(213, 'HDCH8-432', 'MODULAR CONTACTOR - HIMEL - 32A,4P (2N0+2NC)', 'brand', 28, '0000-00-00 00:00:00', '0000-00-00 00:00:00'),
(214, 'HDCH8-232', 'MODULAR CONTACTOR - HIMEL - 32A,2P (1N0+1NC)', 'brand', 26, '0000-00-00 00:00:00', '0000-00-00 00:00:00'),
(215, 'TQD3200', 'CIRCUIT BREAKER - GE-MCCB 200A, 3P', 'brand', 1, '0000-00-00 00:00:00', '0000-00-00 00:00:00'),
(216, 'TQD3150', 'CIRCUIT BREAKER - GE-MCCB 150A, 3P', 'brand', 2, '0000-00-00 00:00:00', '0000-00-00 00:00:00'),
(217, 'THQD3150', 'CIRCUIT BREAKER - GE-MCCB 150A, 2P', 'brand', 1, '0000-00-00 00:00:00', '0000-00-00 00:00:00'),
(756, 'GB - 3160', 'GB - 160AT, 3P', 'GENERAL ELECTRIC BREAKERS', 0, '2025-02-06 07:16:37', '2025-02-06 07:16:37'),
(219, 'GBS3160', 'CIRCUIT BREAKER - GE-MCCB 160A, 3P', 'brand', 1, '0000-00-00 00:00:00', '0000-00-00 00:00:00'),
(220, 'TQC3100', 'CIRCUIT BREAKER - GE-BOLT-ON 100A, 3P', 'brand', 1, '0000-00-00 00:00:00', '0000-00-00 00:00:00'),
(221, 'TQC370', 'CIRCUIT BREAKER - GE-BOLT-ON 70A, 3P', 'brand', 5, '0000-00-00 00:00:00', '0000-00-00 00:00:00'),
(222, 'TQC360', 'CIRCUIT BREAKER - GE-BOLT-ON 60A, 3P', 'brand', 2, '0000-00-00 00:00:00', '0000-00-00 00:00:00'),
(223, 'TQC350', 'CIRCUIT BREAKER - GE-BOLT-ON 50A, 3P', 'brand', 2, '0000-00-00 00:00:00', '0000-00-00 00:00:00'),
(224, 'TQC270', 'CIRCUIT BREAKER - GE-BOLT-ON 70A, 2P', 'brand', 2, '0000-00-00 00:00:00', '0000-00-00 00:00:00'),
(225, 'TQC250', 'CIRCUIT BREAKER - GE-BOLT-ON 50A, 2P', 'brand', 1, '0000-00-00 00:00:00', '0000-00-00 00:00:00'),
(226, 'TQC230', 'CIRCUIT BREAKER - GE-BOLT-ON 30A, 2P', 'brand', 2, '0000-00-00 00:00:00', '0000-00-00 00:00:00'),
(227, 'TQC215', 'CIRCUIT BREAKER - GE-BOLT-ON 15A, 2P', 'brand', 2, '0000-00-00 00:00:00', '0000-00-00 00:00:00'),
(228, 'TQC140', 'CIRCUIT BREAKER - GE-BOLT-ON 40A, 1P', 'brand', 2, '0000-00-00 00:00:00', '0000-00-00 00:00:00'),
(229, 'TQC130', 'CIRCUIT BREAKER - GE-BOLT-ON 30A, 1P', 'brand', 5, '0000-00-00 00:00:00', '0000-00-00 00:00:00'),
(471, 'HDBCH8S-32A- 2NO/2NC', 'MODULAR CONTACTOR 32AT, 4P ', 'HIMEL', 0, '2025-02-04 01:02:43', '2025-02-04 01:04:25'),
(472, 'HDBCH8S-32A- 1NO/1NC', 'MODULAR CONTACTOR 32AT, 2P', 'HIMEL', 0, '2025-02-04 01:04:03', '2025-02-04 01:04:03'),
(232, 'CT /CC - 3000/5A', 'CT / CC - 3000/5A', 'CAMSCO', 3, '0000-00-00 00:00:00', '2025-02-06 05:07:56'),
(233, 'CT/ CC - 2000/5A', 'CURRENT TRANSFORMER ', 'CAMSCO', 6, '0000-00-00 00:00:00', '2025-02-06 05:08:23'),
(234, 'CT / CC - 800/5A', 'CT/ CC - 800/5A', 'CAMSCO', 7, '0000-00-00 00:00:00', '2025-02-06 05:09:22'),
(235, 'CT/ CC - 1200/5A', 'CT / CC - 1200/5A', 'CAMSCO', 1, '0000-00-00 00:00:00', '2025-02-06 05:10:01'),
(737, 'SH 203 - 20AT, 3P', 'MCB/MCCB - 20AT, 3P', 'ABB ', 0, '2025-02-06 05:14:36', '2025-02-06 05:14:36'),
(240, 'A1-A125', 'CIRCUIT BREAKER - ABB- MCCB 40A, 3P', 'brand', 2, '0000-00-00 00:00:00', '0000-00-00 00:00:00'),
(241, 'SH-203', 'CIRCUIT BREAKER - ABB- MCB 20A,3P', 'brand', 2, '0000-00-00 00:00:00', '0000-00-00 00:00:00'),
(242, 'SH-202', 'CIRCUIT BREAKER - ABB- MCB 32A,2P', 'brand', 3, '0000-00-00 00:00:00', '0000-00-00 00:00:00'),
(243, 'S251S', 'CIRCUIT BREAKER - ABB- MCB 63A, 1P', 'brand', 1, '0000-00-00 00:00:00', '0000-00-00 00:00:00'),
(244, 'BM250SN', 'CIRCUIT BREAKER - SHIHLIN- MCCB 250A, 3P', 'brand', 4, '0000-00-00 00:00:00', '2025-02-10 02:32:43'),
(245, 'BM100SN', 'CIRCUIT BREAKER - SHIHLIN- MCCB 75A, 2P', 'brand', 1, '0000-00-00 00:00:00', '0000-00-00 00:00:00'),
(247, 'BPH', 'CIRCUIT BREAKER - SHIHLIN- BOLT-ON 30A, 2P', 'brand', 3, '0000-00-00 00:00:00', '0000-00-00 00:00:00'),
(250, 'BHA41- 20AT, 1P', 'BHA41- 20AT, 1P', 'SHINLIN - BREAKER', 8, '0000-00-00 00:00:00', '2025-02-06 05:19:38'),
(251, 'ABN103c', 'CIRCUIT BREAKER - LS - 50AT, 3P', 'brand', 1, '0000-00-00 00:00:00', '0000-00-00 00:00:00'),
(252, 'ABN103c', 'CIRCUIT BREAKER - LS - 40AT, 3P', 'brand', 1, '0000-00-00 00:00:00', '0000-00-00 00:00:00'),
(253, 'ABN102c', 'CIRCUIT BREAKER - LS - 40AT, 2P', 'brand', 1, '0000-00-00 00:00:00', '0000-00-00 00:00:00'),
(254, 'BF52a', 'CIRCUIT BREAKER - LS - 40AT, 2P', 'brand', 21, '0000-00-00 00:00:00', '0000-00-00 00:00:00'),
(255, 'BF52a', 'CIRCUIT BREAKER - LS - 30AT, 2P', 'brand', 1, '0000-00-00 00:00:00', '0000-00-00 00:00:00'),
(256, 'BKN', 'CIRCUIT BREAKER - LS - 16AT, 2P', 'brand', 1, '0000-00-00 00:00:00', '0000-00-00 00:00:00'),
(257, 'NB1', 'CIRCUIT BREAKER - CHINT -MCCB- 25AT, 2P', 'brand', 8, '0000-00-00 00:00:00', '0000-00-00 00:00:00'),
(258, 'AC-  4000/5A', 'AMMETER - 4000/5A', 'YOKOYAMA', 8, '0000-00-00 00:00:00', '2025-02-10 02:56:00'),
(259, ' AM - 2000/5A', 'AMMETER - 2000/5A', 'YOKOYAMA', 1, '0000-00-00 00:00:00', '2025-02-04 06:29:19'),
(337, 'A9F74320', 'MCB - 20AT, 3P', 'SCHNEIDER ELECTRIC', 0, '2025-02-03 07:14:13', '2025-02-03 07:14:13'),
(263, ' AC- 800/5A', 'AMMETER - 800/5A', 'YOKOYAMA', 1, '0000-00-00 00:00:00', '2025-02-06 05:24:21'),
(264, 'AC- 600/5A', 'AMMETER - 600/5A', 'YOKOYAMA', 1, '0000-00-00 00:00:00', '2025-02-06 05:25:35'),
(265, 'AC-  500/5A', 'AMMETER - 500/5A', 'YOKOYAMA', 1, '0000-00-00 00:00:00', '2025-02-06 05:23:54'),
(267, 'AC- 300/5A', 'AMMETER - 300/5A', 'YOKOYAMA', 2, '0000-00-00 00:00:00', '2025-02-06 05:24:43'),
(268, 'VM-600V', 'VOLTMETER 600V', 'brand', 1, '0000-00-00 00:00:00', '0000-00-00 00:00:00'),
(269, 'VM-300V', 'VOLTMETER 300V', 'brand', 2, '0000-00-00 00:00:00', '0000-00-00 00:00:00'),
(270, 'CA-34', 'SELECTOR SWITCH - AMMETER', 'brand', 6, '0000-00-00 00:00:00', '0000-00-00 00:00:00'),
(271, 'CA-33', 'SELECTOR SWITCH - AMMETER', 'brand', 4, '0000-00-00 00:00:00', '0000-00-00 00:00:00'),
(272, 'CV-34', 'SELECTOR SWITCH - VOLTMETER', 'brand', 2, '0000-00-00 00:00:00', '0000-00-00 00:00:00'),
(273, 'CV-33', 'SELECTOR SWITCH - VOLTMETER', 'brand', 6, '0000-00-00 00:00:00', '0000-00-00 00:00:00'),
(274, 'EL-3M', 'BUSBAR INSULATOR BROWN POLLY', 'brand', 46, '0000-00-00 00:00:00', '0000-00-00 00:00:00'),
(275, 'SM-20', 'BUSBAR INSULATOR RED POLLY', 'brand', 6, '0000-00-00 00:00:00', '0000-00-00 00:00:00'),
(276, 'SM-25', 'BUSBAR INSULATOR RED POLLY', 'brand', 39, '0000-00-00 00:00:00', '0000-00-00 00:00:00'),
(277, 'SM-35', 'BUSBAR INSULATOR RED POLLY', 'brand', 9, '0000-00-00 00:00:00', '0000-00-00 00:00:00'),
(278, 'SM-51', 'BUSBAR INSULATOR RED POLLY', 'brand', 27, '0000-00-00 00:00:00', '0000-00-00 00:00:00'),
(279, 'A-19 ', 'DOORLOCK WITH KEY', 'brand', 16, '0000-00-00 00:00:00', '0000-00-00 00:00:00'),
(280, 'HL-011', ' HINGES - CONCEALED - N3R', 'brand', 73, '0000-00-00 00:00:00', '0000-00-00 00:00:00'),
(281, 'HL020', 'HINGES - POWER - F/S', 'brand', 3, '0000-00-00 00:00:00', '0000-00-00 00:00:00'),
(282, 'MS480', 'SWING LOCK -  F/S', 'brand', 38, '0000-00-00 00:00:00', '0000-00-00 00:00:00'),
(283, 'MS603', 'PUSHLOCK - F/S', 'brand', 45, '0000-00-00 00:00:00', '0000-00-00 00:00:00'),
(284, 'HL003', 'HINGES - PANEL', 'brand', 181, '0000-00-00 00:00:00', '0000-00-00 00:00:00'),
(285, 'UNIGEAR - MAGNET', 'UNIGEAR BOX MAGNET', 'brand', 29, '0000-00-00 00:00:00', '0000-00-00 00:00:00'),
(286, 'PL-RED-220V', 'PILOT LIGHT- RED - 220V', 'brand', 13, '0000-00-00 00:00:00', '0000-00-00 00:00:00'),
(287, 'PL-RED-440V', 'PILOT LIGHT- RED - 440V', 'brand', 30, '0000-00-00 00:00:00', '0000-00-00 00:00:00'),
(288, 'PL-GREEN-220V', 'PILOT LIGHT- GREEN- 220V', 'brand', 8, '0000-00-00 00:00:00', '0000-00-00 00:00:00'),
(289, 'PL-GREEN-440V', 'PILOT LIGHT- GREEN- 440V', 'brand', 7, '0000-00-00 00:00:00', '0000-00-00 00:00:00'),
(290, 'PL-YELLOW-220V', 'PILOT LIGHT- GREEN- 220V', 'brand', 8, '0000-00-00 00:00:00', '0000-00-00 00:00:00'),
(291, 'PL-BLUE-440V', 'PILOT LIGHT- GREEN- 440V', 'brand', 2, '0000-00-00 00:00:00', '0000-00-00 00:00:00'),
(292, '5.5 MM2', 'LUGS - CRIMPING -30A', 'brand', 1988, '0000-00-00 00:00:00', '0000-00-00 00:00:00'),
(293, '8.0 MM2', 'LUGS - CRIMPING  - 40-50A', 'brand', 37, '0000-00-00 00:00:00', '0000-00-00 00:00:00'),
(294, '14 MM2', 'LUGS - CRIMPING - 60-75A', 'brand', 49, '0000-00-00 00:00:00', '0000-00-00 00:00:00'),
(295, '22 MM2', 'LUGS - CRIMPING - 80A', 'brand', 0, '0000-00-00 00:00:00', '0000-00-00 00:00:00'),
(296, '30 MM2', 'LUGS - CRIMPING  - 100A', 'brand', 3, '0000-00-00 00:00:00', '0000-00-00 00:00:00'),
(297, '38 MM2', 'LUGS - CRIMPING  -125A', 'brand', 16, '0000-00-00 00:00:00', '0000-00-00 00:00:00'),
(298, '60 MM2', 'LUGS - CRIMPING  - 160A', 'brand', 0, '0000-00-00 00:00:00', '0000-00-00 00:00:00'),
(299, 'LC , 100 MM2', 'LUGS - CRIMPING  - 200-225A', 'ZOLEX', 0, '0000-00-00 00:00:00', '2025-02-06 05:31:57'),
(300, '125 MM2', 'LUGS - CRIMPING  - 250A', 'brand', 0, '0000-00-00 00:00:00', '0000-00-00 00:00:00'),
(301, '150 MM2', 'LUGS - CRIMPING  - 300A', 'brand', 0, '0000-00-00 00:00:00', '0000-00-00 00:00:00'),
(302, '200 MM2', 'LUGS - CRIMPING  - 300A', 'brand', 0, '0000-00-00 00:00:00', '0000-00-00 00:00:00'),
(303, '250 MM2', 'LUGS - CRIMPING  - 4000A', 'brand', 0, '0000-00-00 00:00:00', '0000-00-00 00:00:00'),
(304, 'TA-2', 'LUGS - MECHANICAL - 40-100A', 'brand', 0, '0000-00-00 00:00:00', '0000-00-00 00:00:00'),
(305, '38 MM2 - 1 x 1/0', 'LUGS - MECHANICAL  -125A', 'brand', 16, '0000-00-00 00:00:00', '2025-01-22 00:14:46'),
(306, '60MM2 - 1X 2/0', 'LUGS - MECHANICAL  -160A', 'brand', 0, '0000-00-00 00:00:00', '0000-00-00 00:00:00'),
(802, 'QOB2100', 'MCCB / MCB - 100AT , 2P', 'SCHNIEDER', 15, '2025-02-07 00:29:00', '2025-02-07 00:38:30'),
(308, 'NBD', 'LUGS - MECHANICAL  -300-400A', 'brand', 0, '0000-00-00 00:00:00', '0000-00-00 00:00:00'),
(309, 'L TYPE 2 x 250', 'LUGS - MECHANICAL  -500-800A', 'brand', 0, '0000-00-00 00:00:00', '0000-00-00 00:00:00'),
(310, 'MAL  3 x 250', 'LUGS - MECHANICAL  -1000-1250A', 'brand', 0, '0000-00-00 00:00:00', '0000-00-00 00:00:00'),
(311, 'L TYPE 3 x 250 ', 'LUGS - MECHANICAL  -1000-1250A', 'brand', 0, '0000-00-00 00:00:00', '0000-00-00 00:00:00'),
(312, 'LADDER 4 x 250', 'LUGS - MECHANICAL  -1600A', 'brand', 0, '0000-00-00 00:00:00', '0000-00-00 00:00:00'),
(313, 'L TYPE 4 x 250', 'LUGS - MECHANICAL  -1600A', 'brand', 187, '0000-00-00 00:00:00', '2025-01-31 09:45:48'),
(314, 'Finished Product 101', 'big boix etc', 'unigear product', 0, '2025-01-28 07:26:34', '2025-01-28 07:26:34'),
(316, 'THERMOPLASTIC 26 WAYS', 'THERMOPLASTIC BOX', 'JUNON', 0, '2025-02-03 03:45:21', '2025-02-03 03:45:21'),
(317, 'THERMOPLASTIC 16 WAYS', 'THERMOPLASTIC BOX', 'JUNON', 0, '2025-02-03 03:51:06', '2025-02-03 03:51:06'),
(318, 'THERMOLASTIC 19 WAYS', 'THERMOPLASTIC BOX', 'JUNON', 0, '2025-02-03 03:51:36', '2025-02-03 03:51:36'),
(319, 'THERMOPLASTIC 10 WAYS', 'THERMPLASTIC BOX', 'JUNON', 0, '2025-02-03 03:52:05', '2025-02-03 03:52:05'),
(320, 'THERMOPLASTIC 12 WAYS', 'THERMOPLASTIC BOX', 'JUNON', 0, '2025-02-03 03:52:36', '2025-02-03 03:52:36'),
(321, 'THERMOPLASTIC 19 WAYS', 'THERMOPLASTIC BOX', 'JUNON', 1, '2025-02-03 03:53:34', '2025-02-03 05:11:03'),
(324, 'A9F74120', 'MCB - 20AT , 1P', 'SCHNEIDER ELECTRIC', 0, '2025-02-03 06:31:38', '2025-02-03 07:13:23'),
(325, 'A9F741240', 'MIUNIATURE CIRCUIT BREAKER - 40AT, 1P', 'SCHNEIDER ELECTRIC', 0, '2025-02-03 06:32:17', '2025-02-03 06:32:17'),
(340, 'A9F74350', 'MCB - 50AT, 3P', 'SCHNEIDER ELECTRIC', 0, '2025-02-03 07:16:15', '2025-02-03 07:16:15'),
(328, 'A9F74150', 'MCB - 50AT, 1P', 'SCHNEIDER ELECTRIC', 0, '2025-02-03 06:59:04', '2025-02-03 06:59:04'),
(329, 'A9F74163', 'MCB - 63AT, 1P', 'SCHNEIDER ELECTRIC', 0, '2025-02-03 06:59:36', '2025-02-03 06:59:36'),
(334, 'A9F74210', 'MCB - 10AT, 2P', '`SCHNEIDER ELECTRIC', 0, '2025-02-03 07:07:48', '2025-02-03 07:07:48'),
(335, 'A9F74306', 'MCB - 6AT, 3P`', 'SCHNEIDER ELECTRIC', 0, '2025-02-03 07:08:24', '2025-02-03 07:08:24'),
(338, 'A9F74332', 'MCB - 32AT, 3P', 'SCHNEIDER ELECTRIC', 0, '2025-02-03 07:15:23', '2025-02-03 07:15:23'),
(354, 'EZ9F56363', 'MCB - 63AT, 3P', 'SCHNEIDER ELECTRIC', 0, '2025-02-03 07:33:57', '2025-02-03 07:33:57'),
(355, 'EZ9F51216', 'MCB - 16AT, 2P', 'SCHNEIDER ELECTRIC', 0, '2025-02-03 07:36:06', '2025-02-03 07:36:06'),
(363, 'EZC100F3050', 'MCCB - 50AT, 3P', 'SCHNEIDER ELECTRIC', 0, '2025-02-03 07:43:18', '2025-02-03 07:43:18'),
(419, 'QOB215', 'BOLT ON - 15AT, 2P', 'SCHNEIDER ELECTRIC', 0, '2025-02-03 08:43:04', '2025-02-03 08:43:04'),
(365, 'EZC100H3030', 'MCCB - 30AT, 3P', 'SCHNEIDER ELECTRIC', 0, '2025-02-03 07:44:15', '2025-02-03 07:44:15'),
(366, 'EZC100N3020', 'MCCB - 30AT, 3P', 'SCHNEIDER ELECTRIC', 0, '2025-02-03 07:44:37', '2025-02-03 07:44:37'),
(374, 'EZC250H2250', 'MCCB - 250AT, 3P', 'SCHNEIDER ELECTRIC', 0, '2025-02-03 07:50:32', '2025-02-03 07:50:32'),
(378, 'EZC100H2050', 'MCCB - 50AT, 2P', 'SCHNEIDER ELECTRIC', 0, '2025-02-03 07:53:30', '2025-02-03 07:53:30'),
(417, 'QOB230', 'BOLT ON - 30AT, 2P', 'SCHNEIDER ELECTRIC', 0, '2025-02-03 08:42:21', '2025-02-03 08:42:21'),
(380, 'EZC100H2015', 'MCCB - 15AT, 2P', 'SCHNEIDER ELECTRIC', 0, '2025-02-03 07:54:17', '2025-02-03 07:54:17'),
(801, 'NS800N', 'MCCB - 800N, 3P', 'SCHNEIDER', 0, '2025-02-06 08:54:46', '2025-02-06 08:54:46'),
(404, 'EZC100F3030', 'MCCB - 30AT, 3P', 'SCHNEIDER ELECTRIC', 0, '2025-02-03 08:19:36', '2025-02-03 08:19:36'),
(778, 'EZC100H2100', 'MCCB - 100AT, 2P', 'SCHNEIDER', 2, '2025-02-06 08:17:24', '2025-02-06 08:21:01'),
(768, 'EZC100N3020', 'MCCB- 20AT, 3P', 'SCHNEIDER', 4, '2025-02-06 07:56:47', '2025-02-06 07:57:05'),
(407, 'EZC100H2040', 'MCCB - 40AT, 2P', 'SCHNEIDER ELECTRIC', 0, '2025-02-03 08:20:58', '2025-02-03 08:20:58'),
(779, 'EZC100H2060', 'MCCB - 60AT, 2P', 'SCHNEIDER', 2, '2025-02-06 08:17:59', '2025-02-06 08:21:23'),
(409, 'EZC100H2030', 'MCCB - 30AT, 2P', 'SCHNEIDER ELECTRIC', 0, '2025-02-03 08:21:45', '2025-02-03 08:21:45'),
(410, 'EZC100N1040', 'MCCB - 40AT, 1P', 'SCHNEIDER ELECTRIC', 0, '2025-02-03 08:22:15', '2025-02-03 08:22:15'),
(414, 'QOB2100', 'BOLT ON - 100AT, 2P', 'SCHNEIDER ELECTRIC', 0, '2025-02-03 08:41:05', '2025-02-03 08:41:05'),
(412, 'EZC100N1060', 'MCCB - 60AT, 1P', 'SCHNEIDER ELECTRIC', 0, '2025-02-03 08:36:48', '2025-02-03 08:36:48'),
(413, 'EZC100N1030', 'MCCB - 30AT, 1P', 'SCHNEIDER ELECTRIC', 0, '2025-02-03 08:37:18', '2025-02-03 08:37:18'),
(421, 'QOB370', 'BOLT - ON 70AT, 3P', 'SCHNEIDER ELECTRIC', 0, '2025-02-03 08:44:02', '2025-02-03 08:44:02'),
(422, 'QOB360', 'BOLT ON 6OAT, 3P', 'SCHNEIDER ELECTRIC', 0, '2025-02-03 08:44:25', '2025-02-03 08:44:25'),
(423, 'QOB350', 'BOLT ON 50AT, 3P', 'SCHNEIDER ELECTRIC', 0, '2025-02-03 08:44:48', '2025-02-03 08:44:48'),
(424, 'QOB320', 'BOLT ON - 20AT, 3P', 'SCHNEIDER ELECTRIC', 0, '2025-02-03 08:45:13', '2025-02-03 08:45:13'),
(435, 'HDM2 - 125A', 'MCCB - 125AT, 3P', 'HIMEL', 0, '2025-02-03 08:57:58', '2025-02-03 08:57:58'),
(436, 'HDM2 - 50A', 'MCCB - 50AT, 3P', 'HIMEL', 0, '2025-02-03 08:58:36', '2025-02-03 08:58:36'),
(437, 'HDM2 - 40A', 'MCCB - 40AT, 3P', 'HIMEL', 0, '2025-02-03 08:58:59', '2025-02-03 08:58:59'),
(439, 'HDM2 - 20A', 'MCCB - 20AT, 1P', 'HIMEL', 0, '2025-02-03 08:59:44', '2025-02-03 08:59:44'),
(440, 'HDM3 - 4020', 'MCCB - 20AT, 4P', 'HIMEL', 0, '2025-02-03 09:00:11', '2025-02-04 03:50:33'),
(441, 'HDM3 - 40160', 'MCCB - 160AT, 4P', 'HIMEL', 0, '2025-02-03 09:00:40', '2025-02-04 03:50:05'),
(442, 'HDB9H - 206', 'MCB - 6AT, 2P', 'HIMEL', 0, '2025-02-03 09:01:04', '2025-02-06 07:12:09'),
(443, 'HDB9H - 32A', 'MCB - 32AT, 1P', 'HIMEL', 0, '2025-02-03 09:01:40', '2025-02-03 09:01:40'),
(444, 'HDB9H - 20A', 'MCB - 20AT, 1P', 'HIMEL', 0, '2025-02-03 09:02:03', '2025-02-03 09:02:03'),
(445, 'HDB9H - 40A', 'MCB - 40AT, 1P', 'HIMEL', 0, '2025-02-03 09:02:24', '2025-02-03 09:02:24'),
(446, 'HDB9H - 32A', 'MCB - 32AT, 2P', 'HIMEL', 0, '2025-02-03 09:02:48', '2025-02-03 09:02:48'),
(447, 'HDB9H - 20A', 'MCB - 20AT, 2P', 'HIMEL', 0, '2025-02-03 09:03:08', '2025-02-03 09:03:08'),
(448, 'HDB9H - 40A', 'MCB - 40AT, 2P', 'MCB', 0, '2025-02-03 09:03:30', '2025-02-03 09:03:30'),
(449, 'HDB9H - 50A', 'MCB - 50AT, 2P', 'HIMEL', 0, '2025-02-03 09:03:48', '2025-02-03 09:03:48'),
(450, 'HDB9H - 6A', 'MCB - 6AT, 3P', 'HIMEL', 0, '2025-02-03 09:04:06', '2025-02-03 09:04:06'),
(451, 'HDB9H - 20A', 'MCB - 20AT, 3P', 'HIMEL', 0, '2025-02-03 09:04:23', '2025-02-03 09:04:23'),
(452, 'HDB9H - 63A', 'MCB - 63AT, 3P', 'HIMEL', 0, '2025-02-03 09:04:42', '2025-02-03 09:04:42'),
(453, 'HDB9H - 6A', 'MCB - 6AT, 2P', 'HIMEL', 0, '2025-02-03 09:05:07', '2025-02-03 09:05:07'),
(454, 'TQD3200', 'MCCB - 200AT, 3P', 'GENERAL ELECTRIC (GE)', 0, '2025-02-03 09:07:39', '2025-02-03 09:07:39'),
(455, 'TQD2150', 'MCCB - 150AT, 2P', '`GENERAL ELECTRIC (GE)', 0, '2025-02-03 09:08:02', '2025-02-06 07:13:11'),
(456, 'THQD2150', 'MCCB - 150AT, 2P', 'GENERAL ELECTRIC (GE)', 0, '2025-02-03 09:08:35', '2025-02-03 09:08:35'),
(457, 'TCD375', 'MCCB - 75AT, 3P', 'GENERAL ELECTRIC (GE)', 0, '2025-02-03 09:09:01', '2025-02-03 09:09:01'),
(458, 'GBS3160', 'MCCB - 160AT, 3P', 'GENERAL ELECTRIC (GE)', 0, '2025-02-03 09:09:27', '2025-02-03 09:09:27'),
(459, 'TQC3100', 'BOLT ON - 100AT, 3P', 'GENERAL ELECTRIC (GE)', 0, '2025-02-03 09:09:59', '2025-02-03 09:09:59'),
(460, 'TQC370', 'BOLT ON - 70AT, 3P', 'GENERAL ELECTRIC (GE)', 0, '2025-02-03 09:10:25', '2025-02-03 09:10:25'),
(461, 'TQC360', 'BOLT ON - 60AT, 3P', 'GENERAL ELECTRIC (GE)', 0, '2025-02-03 09:10:54', '2025-02-03 09:10:54'),
(462, 'TQC350', 'BOLT ON - 50AT, 3P', 'GENERAL ELECTRIC (GE)', 0, '2025-02-03 09:11:19', '2025-02-03 09:11:19'),
(463, 'TQC270', 'BOLT ON - 70AT, 2P', 'GENERAL ELECTRIC (GE)', 0, '2025-02-03 09:11:53', '2025-02-03 09:11:53'),
(464, 'TQC250', 'BOLT ON - 50AT, 2P', 'GENERAL ELECTRIC (GE)', 0, '2025-02-03 09:12:20', '2025-02-03 09:12:20'),
(465, 'TQC230', 'BOLT ON - 30AT, 2P', 'GENERAL ELECTRIC (GE)', 0, '2025-02-03 09:12:58', '2025-02-03 09:12:58'),
(466, 'TQC215', 'BOLT ON - 15AT, 2P', 'GENERAL ELECTRIC (GE)', 0, '2025-02-03 09:13:23', '2025-02-03 09:13:23'),
(467, 'TQC140', 'BOLT ON - 40AT, 1P', 'GENERAL ELECTRIC (GE)', 0, '2025-02-03 09:13:50', '2025-02-03 09:13:50'),
(468, 'TQC130', 'BOLT ON 30AT, 1P', 'GENERAL ELECTRIC (GE)', 0, '2025-02-03 09:14:17', '2025-02-03 09:14:17'),
(469, 'MTS-6A-1P', 'MTS - 6AT, 1P', 'MEIJI', 0, '2025-02-04 01:00:33', '2025-02-04 01:00:33'),
(470, 'MTS - 20AT, 1P', 'MTS - 20AT - 1P', 'MEIJI', 0, '2025-02-04 01:00:57', '2025-02-04 01:00:57'),
(473, 'AH-3NC', 'TIMER RELAY - 5A / 230V', 'ANLY BRAND', 0, '2025-02-04 01:08:17', '2025-02-04 01:08:17'),
(474, 'HDB3-240-RCBO', 'MCB - 40AT, 2P - RCBO', 'HIMEL', 0, '2025-02-04 01:09:04', '2025-02-04 03:41:20'),
(475, 'HDB3-463-RCBO', 'MCB-63AT,4P-RCBO', 'HIMEL', 0, '2025-02-04 01:09:37', '2025-02-04 03:44:09'),
(476, 'HDB2H-3100', 'MCB - 100AT, 3P', 'HIMEL', 0, '2025-02-04 01:10:53', '2025-02-04 03:41:56'),
(477, 'HDB3W-2100', 'MCB - 100AT, 2P', 'HIMEL', 0, '2025-02-04 03:15:08', '2025-02-04 03:44:35'),
(478, 'HDB3W-280', 'MCB - 80AT, 2P', 'HIMEL ', 0, '2025-02-04 03:23:14', '2025-02-04 03:45:26'),
(479, 'HDB2H - 2100', 'MCB - `100AT, 2P', 'HIMEL', 0, '2025-02-04 03:23:53', '2025-02-04 03:44:56'),
(480, 'HDM1-3050', 'MCB - 50AT, 3P', 'HIMEL', 3, '2025-02-04 03:24:53', '2025-02-04 03:49:10'),
(481, 'HDM1 - 2050', 'MCCB /50AT, 2P', 'HIMEL', 0, '2025-02-04 03:28:27', '2025-02-04 03:47:01'),
(490, 'BM250SN - 250AT,3P', 'MCB/MCCB - 250AT,3P', 'SHIHLIN - BREAKER', 0, '2025-02-04 06:02:48', '2025-02-04 06:02:48'),
(491, 'BM100SN - 75AT, 2P', 'MCB / MCCB - 75AT, 2P', 'SHIHLIN - BREAKER', 2, '2025-02-04 06:03:53', '2025-02-10 02:33:07'),
(492, 'BPH - 20AT , 2P (BOLT-ON)', 'MCB / MCCB - 20AT , 2P', 'SHIHLIN - BREAKER', 0, '2025-02-04 06:05:40', '2025-02-04 06:05:40'),
(493, 'BPH - 30AT, 2P ( BOLT- ON )', 'MCB / MCCB - 30AT, 2P', 'SHIHLIN - BREAKER', 0, '2025-02-04 06:07:06', '2025-02-04 06:07:06'),
(494, 'BHA31 - 32AT, 1P', 'MCB / MCCB - 32AT , 1P', 'SHIHLIN - BREAKER', 0, '2025-02-04 06:08:28', '2025-02-04 06:08:28'),
(495, 'BHA31 - 20AT, 1P', 'MCB / MCCB - 20AT, 1P', 'SHIHLIN - BREAKER', 1, '2025-02-04 06:09:24', '2025-02-10 02:36:24'),
(496, 'BHA41 - 20AT, 1P', 'MCB / MCCB -20AT, 1P', 'SHIHLIN - BREAKER', 0, '2025-02-04 06:10:17', '2025-02-04 06:10:17'),
(497, 'ABN103C - 50AT, 3P', 'MCCB / MCB- 50AT, 3P', 'LS - BREAKER', 1, '2025-02-04 06:11:37', '2025-02-10 02:40:15'),
(498, 'ABN103C - 40AT, 3P', 'MCCB / MCB - 40AT, 3P', 'LS - BREAKER', 1, '2025-02-04 06:12:54', '2025-02-10 02:40:44'),
(499, 'ABN 102C - 40AT, 2P', 'MCCB / MCB- 40AT, 2P', 'LS - BREAKER', 0, '2025-02-04 06:15:02', '2025-02-04 06:15:02'),
(500, 'BF52A - 40AT, 2P', 'MCCB / MCB - 40AT, 2P', 'LS - BREAKER', 0, '2025-02-04 06:16:19', '2025-02-06 05:20:41'),
(501, 'BF52A - 30AT, 2P', 'MCCB / MCB - 30AT , 2P', 'LS - BREAKER', 0, '2025-02-04 06:19:01', '2025-02-04 06:19:01'),
(502, 'BKN -16AT, 2P', 'MCCB / MCB - 16 AT, 2P', 'LS - BREAKER', 0, '2025-02-04 06:19:51', '2025-02-04 06:19:51'),
(503, 'NB1 - 25AT, 2P', 'MCCB - 25AT, 2P', 'CHINT - BREAKER', 0, '2025-02-04 06:24:52', '2025-02-04 06:24:52'),
(504, 'AC-4000/5A', 'AMMETER - 4000/5A', 'YOKOYAMA', 0, '2025-02-04 06:50:02', '2025-02-04 06:50:02'),
(505, 'AC-2000/5A', 'AMMETER - 2000/5A', 'YOKOYAMA', 0, '2025-02-04 06:50:55', '2025-02-04 06:50:55'),
(506, 'AC- 1200/5A', 'AMMETER - 1200/5A', 'YOKOYAMA', 3, '2025-02-04 06:51:50', '2025-02-10 02:53:14'),
(507, 'AC- 1600/ 5A', 'AMMETER - 1600/5A', 'YOKOYAMA', 0, '2025-02-04 06:52:53', '2025-02-04 06:52:53'),
(508, 'AC - 1000/5A', 'AMMETER - 1000/5A', 'YOKOYAMA', 0, '2025-02-04 06:53:28', '2025-02-04 06:53:28'),
(509, 'AC - 800/5A', 'AMMETER - 800/5A', 'YOKOYAMA', 0, '2025-02-04 06:54:22', '2025-02-04 06:54:22'),
(510, 'AC - 600/5A', 'AMMETER- 600/5A', 'YOKOYAMA', 0, '2025-02-04 06:54:59', '2025-02-04 06:54:59'),
(511, 'AC- 500/5A', 'AMMETER- 500/5A', 'YOKOYAMA', 0, '2025-02-04 06:55:41', '2025-02-04 06:55:41'),
(512, 'AC - 500/5A', 'AMMETER - 500/5A', 'YOKOYAMA', 0, '2025-02-04 06:56:23', '2025-02-04 06:56:23'),
(513, 'AC - 400/5A', 'AMMETER - 400/5A', 'YOKOYAMA', 4, '2025-02-04 06:58:19', '2025-02-10 02:48:37'),
(514, 'AC - 300/5A', 'AMMETER - 300/5A', 'YOKOYAMA', 0, '2025-02-04 06:58:56', '2025-02-04 06:58:56'),
(515, 'AC- 250/5A', 'AMMETER - 250/5A', 'YOKOYAMA', 0, '2025-02-04 06:59:28', '2025-02-04 06:59:28'),
(516, '600 V', 'VOLTMETER - 600V', 'YOKOYAMA', 0, '2025-02-04 07:00:17', '2025-02-04 07:00:17'),
(517, '300V', 'VOLTMETER- 300V', 'YOKOYAMA', 0, '2025-02-04 07:00:50', '2025-02-04 07:00:50'),
(518, 'CA - 34', 'SELECTOR SWITCH - CA- 34', 'CAMSCO', 0, '2025-02-04 07:02:36', '2025-02-04 07:02:36'),
(519, 'CA- 33', 'SELECTOR SWITCH - CA - 33', 'CAMSCO', 0, '2025-02-04 07:03:12', '2025-02-04 07:03:12'),
(520, 'CV - 34', 'SELECTOR SWITCH - CV-34', 'CAMSCO', 0, '2025-02-04 07:21:05', '2025-02-04 07:21:05'),
(521, 'CV - 33', 'SELECTOR SWITCH - CV - 33', 'CAMSCO', 0, '2025-02-04 07:21:50', '2025-02-04 07:21:50'),
(522, 'CV - 34 , 20A/ 660 V', 'SELECTOR SWTICH - 20A/ 660 V', 'W!XIM', 3, '2025-02-04 07:26:29', '2025-02-10 03:13:50'),
(523, 'CA - 34, 20A/ 660 V ', 'SELECTOR SWITCH - 20A/ 660V', 'W!XIM', 6, '2025-02-04 07:27:29', '2025-02-10 03:14:12'),
(524, 'EL3M', 'EL3M', 'BROWN PULLEY', 0, '2025-02-04 07:28:40', '2025-02-04 07:28:40'),
(525, 'A19 W/ KEY', 'DOOR LOCK - A19', 'DOOR LOCK', 0, '2025-02-04 07:29:32', '2025-02-04 07:29:32'),
(526, '3R , HL011 ', 'CONCEALED-3R - HL011', 'HINGES', 0, '2025-02-04 07:31:02', '2025-02-04 07:31:24'),
(527, 'HL020', 'POWER HINGES', 'HINGES', 0, '2025-02-04 07:32:14', '2025-02-04 07:32:14'),
(528, 'HL003', 'HINGES - HL003', 'HINGES', 0, '2025-02-04 07:36:58', '2025-02-04 07:38:13'),
(529, 'MS603', 'PUSHLOCK - MS603', 'PUSHLOCK', 0, '2025-02-04 07:37:46', '2025-02-04 07:37:46'),
(530, 'MAGNET', 'BOX', 'UNIGEAR', 0, '2025-02-04 07:38:51', '2025-02-04 07:38:51'),
(531, 'T.W - 0.75 MM2', 'T. WIRE , O.75 MM2', 'PHILFLEX', 0, '2025-02-04 08:26:51', '2025-02-06 05:26:56'),
(532, 'PL-220V', 'RED, 220V', 'INDICATOR / PILOT LIGHT', 0, '2025-02-04 08:27:50', '2025-02-04 08:36:08'),
(533, 'PL -440 V', 'RED - 440V', 'INDICATOR / PILOT LIGHT', 0, '2025-02-04 08:30:02', '2025-02-04 08:37:23'),
(534, 'PL- 440 V', 'GREEN - 440V', 'INDICATOR / PILOT LIGHT', 0, '2025-02-04 08:30:50', '2025-02-04 08:37:52'),
(535, 'PL - 220V', 'GREEN- 220V', 'INDICATOR / PILOT LIGHT', 0, '2025-02-04 08:32:15', '2025-02-04 08:36:38'),
(536, 'PL -220V ', 'YELLOW - 220V', 'INDICATOR / PILOT LIGHT', 0, '2025-02-04 08:33:04', '2025-02-04 08:37:04'),
(537, 'PL - 440V', 'BLUE - 440V', 'INDICATOR / PILOT LIGHT', 0, '2025-02-04 08:38:59', '2025-02-04 08:38:59'),
(538, 'CL - 250MM', 'LONG BARREL - 250MM', 'ZOLEX', 0, '2025-02-04 08:39:45', '2025-02-04 08:39:45'),
(539, 'CL - 250 MM', 'SHORT BARREL - 250MM', 'ZOLEX', 0, '2025-02-04 08:40:18', '2025-02-04 08:40:18'),
(540, 'CL - 150MM', 'SHORT BARREL - 150MM', 'ZOLEX', 0, '2025-02-04 08:41:09', '2025-02-04 08:41:09'),
(541, 'CL - 150MM', 'LONG BARREL - 150MM', 'ZOLEX', 0, '2025-02-04 08:42:21', '2025-02-04 08:42:21'),
(542, 'CL - 175 MM', 'SHORT BARREL - 175 MM', 'ZOLEX', 0, '2025-02-04 08:43:08', '2025-02-04 08:43:08'),
(543, 'CL - 125MM', 'SHORT BARREL - 125MM', 'ZOLEX', 0, '2025-02-04 08:43:53', '2025-02-04 08:43:53'),
(544, 'CL - 125MM', 'LONG BARREL - 125MM', 'ZOLEX', 0, '2025-02-04 08:44:33', '2025-02-04 08:44:33'),
(545, 'CL - 100MM', 'SHORT BARREL - 100MM', 'ZOLEX', 0, '2025-02-04 08:45:09', '2025-02-04 08:45:09'),
(546, 'CL - 100MM', 'LONG BARREL - 100MM', 'ZOLEX', 0, '2025-02-04 08:45:45', '2025-02-04 08:45:45'),
(547, 'CL - 80MM', 'SHORT BARREL - 80MM', 'ZOLEX', 0, '2025-02-04 08:46:23', '2025-02-04 08:46:23'),
(548, 'CL - 80MM', 'LONG BARREL - 80MM', 'ZOLEX', 0, '2025-02-04 08:46:51', '2025-02-04 08:46:51'),
(549, 'CL - 60MM', 'SHORT BARREL - 60MM', 'ZOLEX', 0, '2025-02-04 08:47:58', '2025-02-04 08:47:58'),
(550, 'CL - 60MM', 'LONG BARREL - 60MM', 'ZOLEX', 0, '2025-02-04 08:53:09', '2025-02-04 08:53:09'),
(551, 'CL - 50MM', 'SHORT BARREL - 50 MM', 'ZOLEX', 0, '2025-02-04 08:55:51', '2025-02-04 08:55:51'),
(552, 'CL - 50MM ', 'LONG BARREL - 50MM', 'ZOLEX', 0, '2025-02-04 08:57:04', '2025-02-04 08:57:04'),
(553, 'CL -38MM', 'SHORT BARREL - 38MM', 'ZOLEX', 0, '2025-02-04 08:58:31', '2025-02-04 08:58:31'),
(554, 'CL - 38 MM', 'LONG BARREL - 38MM', 'ZOLEX', 0, '2025-02-04 08:59:42', '2025-02-04 08:59:42'),
(555, 'CL - 38MM', 'LONG BARREL - 38MM', 'ZOLEX', 0, '2025-02-04 09:02:48', '2025-02-04 09:02:48'),
(556, 'CL - 14MM', 'SHORT BARREL - 14MM', 'ZOLEX', 0, '2025-02-05 00:24:38', '2025-02-05 00:24:38'),
(557, 'CL - 14MM', 'LONG BARREL - 14MM', 'ZOLEX', 0, '2025-02-05 00:25:56', '2025-02-05 00:25:56'),
(558, 'CL - 8.0MM', 'SHORT BARREL - 8.0MM', 'ZOLEX', 0, '2025-02-05 00:26:30', '2025-02-05 00:26:30'),
(559, 'CL - 8.0MM', 'LONG BARREL - 8.0MM', 'ZOLEX', 0, '2025-02-05 00:27:11', '2025-02-05 00:27:11'),
(560, 'CL - 5.5MM', 'RING TYPE - 5.5MM', 'ZOLEX', 0, '2025-02-05 00:28:04', '2025-02-05 00:28:04'),
(561, 'SVI,25', 'Y- TYPE (RED) - SVI, 25', 'ZOLEX', 0, '2025-02-05 00:29:01', '2025-02-05 00:29:01'),
(562, 'MGSVI,25', 'Y - TYPE / RED - MGSVI -25', 'ZOLEX', 0, '2025-02-05 00:29:47', '2025-02-05 00:29:47'),
(563, 'TM- 25', 'CABLE TIE MOUNT - TM -25', 'W!XIM', 0, '2025-02-05 01:34:43', '2025-02-05 01:34:43'),
(564, 'SWB - 12', 'SPIRAL , SWB -12', 'IRTECH', 0, '2025-02-05 01:35:21', '2025-02-05 01:35:21'),
(565, 'SWB - 15', 'SPIRAL , SWB - 15', 'IRTECH', 0, '2025-02-05 01:37:00', '2025-02-05 01:37:00'),
(566, '5 ''( 3X120MM)', 'CABLE TIE , 5'' ( 3X120MM )', 'W!XIM', 0, '2025-02-05 01:41:13', '2025-02-05 01:41:13'),
(567, 'C.M - #1', 'CABLE MARKER #1', 'WIRING MARKING SERIES', 0, '2025-02-05 01:41:57', '2025-02-05 01:41:57'),
(568, 'C.M- #2', 'CABLE MARKER - #2', 'WIRING MARKING SERIES', 0, '2025-02-05 01:42:54', '2025-02-05 01:43:15'),
(569, 'C.M - # 3', 'CABLE MARKER - #3', 'CABLE MARKING SERIES', 0, '2025-02-05 01:46:35', '2025-02-05 01:46:35'),
(570, 'C.M - #4 ', 'CABLE MARKER - #4', 'CABLE MARKING SERIES', 0, '2025-02-05 01:47:20', '2025-02-05 01:47:20'),
(571, 'C.M - #5', 'CABLE MARKER - # 5', 'CABLE MARKING SERIES', 0, '2025-02-05 01:48:27', '2025-02-05 01:48:27'),
(572, 'C.M - G', 'CABLE MARKER - G', 'KAGA', 0, '2025-02-05 01:50:02', '2025-02-05 01:50:02'),
(573, 'C.M - N', 'CABLE MARKER - N', 'KAGA', 0, '2025-02-05 01:50:22', '2025-02-05 01:50:22'),
(574, 'C. M - T', 'CABLE MARKER - T', 'KAGA', 0, '2025-02-05 01:51:59', '2025-02-05 01:51:59'),
(575, 'C.M - T', 'CABLE MARKER - T', 'KAGA', 0, '2025-02-05 01:56:57', '2025-02-05 01:56:57'),
(576, 'C. M - T', 'CABLE MARKER - T', 'KAGA', 0, '2025-02-05 02:01:00', '2025-02-05 02:01:00'),
(577, 'C. M - U ', 'CABLE MARKER - U', 'KAGA', 0, '2025-02-05 02:01:42', '2025-02-05 02:01:42'),
(578, 'C. M - V', 'CABLE MARKER - V', 'KAGA', 0, '2025-02-05 02:02:01', '2025-02-05 02:02:01'),
(579, 'C. M - W ', 'CABLE MARKER - W', 'KAGA', 0, '2025-02-05 02:02:28', '2025-02-05 02:02:28');
INSERT INTO `master_barang` (`id_barang`, `nama_barang`, `description`, `merek`, `stock`, `barang_created`, `barang_updated`) VALUES
(580, 'AVR 165 - 11T/220V', 'VOLTAGE RELAY - AVR 165 - 11T-220V', 'ANLY', 0, '2025-02-05 02:20:48', '2025-02-05 02:20:48'),
(581, 'AVR 165- 11T/ 380 V', 'VOLTAGE - AVR 165-11T/380 V', 'ANLY', 0, '2025-02-05 02:22:01', '2025-02-05 02:22:01'),
(582, 'AVR 165- 11T/440V ', 'VOLTAGE RELAY - AVR 165- 11T/440V', 'ANLY', 0, '2025-02-05 02:22:50', '2025-02-05 02:22:50'),
(583, 'TB - 15A/600V', 'TB1512 - 15A/600V', 'TERMINAL BLOCK', 0, '2025-02-05 02:23:38', '2025-02-06 05:41:02'),
(584, '25A/ 600V', 'TB- 2512, 25A/600V', 'TERMINAL BLOCK', 0, '2025-02-05 02:25:24', '2025-02-05 02:28:45'),
(585, '45A/ 600V', 'TB- 4512 , 45A/600V', 'TERMINAL  BLOCK', 0, '2025-02-05 02:26:20', '2025-02-05 02:29:12'),
(586, '25A/600V', 'TB- 2506, 25A/600V', 'TERMINAL BLOCK', 0, '2025-02-05 02:28:10', '2025-02-05 02:28:10'),
(587, 'LA139- BE102, 1 & 2 (NC)', 'RED, LA139- BE102, 1& 2, (NC)', 'PUSH BOTTON', 0, '2025-02-05 02:31:43', '2025-02-05 02:31:43'),
(588, 'LA139- BE101, 3&4 (NO)', 'GREEN, LA139 - BE101, 3&4 (NO)', 'PUSH BOTTON ', 0, '2025-02-05 02:33:05', '2025-02-05 02:33:05'),
(589, 'LA 139- BE101, 3&4 (NO)', 'SELECTOR SWITCH -LA 139- BE101, 3&4 (NO)', 'IRTECH', 0, '2025-02-05 02:35:10', '2025-02-05 02:35:10'),
(590, 'LY2N W/ SOCKET ', 'RELAY - LY2N W/ SOCKET', 'GKK', 0, '2025-02-05 02:37:14', '2025-02-05 02:37:14'),
(591, 'LY2N- J- W/ SOCKET', 'RELAY - LY2N - J', 'GKK', 0, '2025-02-05 02:38:05', '2025-02-05 02:38:05'),
(593, 'MK3P - I, W/ SCOKET', 'RELAY - MK3P - I', 'OMRON', 0, '2025-02-05 03:04:02', '2025-02-05 03:04:02'),
(594, 'S- P40T, 6O AT/ 600V', 'CONTACTOR , 60/ 600V', 'SHINLIN', 0, '2025-02-05 03:05:23', '2025-02-05 03:05:23'),
(595, 'NCH8 - 63/20, 63A / 230- 500V', 'CONTACTOR, NCH8 - 63/20, 63A/230 - 500 V', 'CHINT', 0, '2025-02-05 03:10:00', '2025-02-05 03:10:00'),
(596, 'NTE8/ 10A', 'TIME RELAY - NTE8/ 10A', 'CHINT', 0, '2025-02-05 03:16:56', '2025-02-05 03:16:56'),
(597, 'NB1 - 63H / 25A, 2P', 'MINATURE , NBI - 63H/ 25A, 2P', 'CHINT', 0, '2025-02-05 03:18:54', '2025-02-05 03:18:54'),
(598, 'ZB2- BE101', 'SELECTOR SWITCH - ZB2 - BE101', 'HIMEL', 0, '2025-02-05 03:30:58', '2025-02-05 03:30:58'),
(599, 'XB2 - BD21', 'SELECTOR SWITCH - XB2 - BD21', 'TECHPUSH BUTTON', 0, '2025-02-05 03:31:49', '2025-02-05 03:31:49'),
(600, 'XB2 - BS542 ', 'SELECTOR SWITCH - BX2- BS542 ', 'HIMEL', 0, '2025-02-05 03:35:29', '2025-02-05 03:35:29'),
(601, 'XB2 - BS542', 'SELECTOR SWITCH - XB2 - BS542', 'TECHPUSH BUTTON', 0, '2025-02-05 03:36:52', '2025-02-05 03:37:21'),
(602, 'TSR - 02, 2NC', 'INTER LOCK - TSR - 02- 2NC', 'SCHNEIDER', 0, '2025-02-05 03:42:24', '2025-02-05 03:42:24'),
(603, 'AH 3 - NC / 240 V', 'ANALOGUE TIMER - AH3 - NC / 240V', 'ANLY', 0, '2025-02-05 03:44:59', '2025-02-05 03:44:59'),
(604, 'IAPU334 / 200- 400V', 'POWER ADAPTOR - IAPU334/ 200- 400V', 'YOKOYAMA', 0, '2025-02-05 03:47:38', '2025-02-05 03:47:38'),
(605, '220- 230V', 'IPU331/ 220- 230V', 'POWER SUPPLY MODULE', 0, '2025-02-05 03:52:41', '2025-02-05 03:52:41'),
(606, '380 - 400V', 'IPU332/ 380- 400V', 'POWER SUPPLY MODULE', 0, '2025-02-05 03:53:50', '2025-02-05 03:53:50'),
(607, 'APU/220V', 'M-PRO -APU/220V', 'TECHNICAL PARAMETER', 0, '2025-02-05 05:26:37', '2025-02-05 05:26:37'),
(608, 'HDW - 1600M, 1000AT, 3P', 'HDW - 1600M, 1000AT, 3P', 'HIMEL - AIR CIRCUIT BREAKER', 0, '2025-02-05 05:28:05', '2025-02-06 05:40:20'),
(609, '2000M - 1250AT , 3P', 'HDW3 2000M - 1250AT, 3P', 'HIMEL - AIR CIRCUIT BREAKER', 0, '2025-02-05 05:31:43', '2025-02-05 05:31:43'),
(610, '200AT, 3P', 'HDM1- 200AT, 3P', 'HIMEL', 0, '2025-02-05 05:33:56', '2025-02-05 05:33:56'),
(611, '50AT, 3P', 'HDM1- 50AT, 3P', 'HIMEL', 0, '2025-02-05 05:34:58', '2025-02-05 05:34:58'),
(612, '50AT, 2P', 'HDM1- 50AT, 2P', 'HIMEL', 0, '2025-02-05 05:35:54', '2025-02-05 05:35:54'),
(613, '20AT, 2P', 'HDM1- 2OAT, 2P', 'HIMEL', 0, '2025-02-05 05:36:24', '2025-02-05 05:36:24'),
(614, '4 X 500MCM', 'TERMINAL LUGS - 4 X 500 MCM', 'W!XIM', 0, '2025-02-05 05:37:09', '2025-02-05 05:37:09'),
(615, '3 X 500 MCM ( MAL )', 'TERMINAL LUGS - 3 X 500MCM', 'W!XIM', 0, '2025-02-05 05:38:04', '2025-02-05 05:53:44'),
(616, '2 X 500 MCM ', 'TERMINAL LUGS - 2 X 500 MCM', 'W!XIM', 0, '2025-02-05 05:43:16', '2025-02-05 05:43:16'),
(618, 'T.L, 1 x 600 MCM ( NBD )', 'TERMINAL LUGS - 1 x 600 MCM ( NBD )', 'W!XIM', 0, '2025-02-05 05:49:55', '2025-02-06 05:28:45'),
(619, 'L - TYPE , 1 X 500MCM', 'L - TYPE , 1 X 500MCM', 'W!XIM', 0, '2025-02-05 05:54:40', '2025-02-06 05:28:22'),
(620, 'L - TYPE -  1 x 600MCM', 'L - TYPE -  1 x 600MCM', 'W!XIM', 0, '2025-02-05 05:58:05', '2025-02-06 05:28:56'),
(621, 'L - TYPE , 1 x 350MCM', 'L - TYPE , 1 x 350MCM', 'W!XIM', 0, '2025-02-05 06:02:45', '2025-02-06 05:28:01'),
(622, 'L - TYPE , 1 x 250MCM', 'L - TYPE , 1 x 250MCM', 'W!XIM', 0, '2025-02-05 06:06:47', '2025-02-06 05:27:22'),
(623, 'EZC LUGS - 125MM', 'EZC LUGS - 125MM', 'W!XIM', 0, '2025-02-05 06:17:01', '2025-02-06 05:35:51'),
(624, '30MM', 'TERMINAL LUGS - TA2 - 30MM', 'W!XIM', 0, '2025-02-05 06:19:30', '2025-02-05 06:19:30'),
(625, '50MM', 'TERMINAL LUGS - TA2 - 50MM', 'W!XIM', 0, '2025-02-05 06:23:05', '2025-02-05 06:23:05'),
(626, '60MM', 'TERMINAL LUGS - TA2 - 60MM', 'W!XIM', 0, '2025-02-05 06:25:05', '2025-02-05 06:25:05'),
(627, 'CL - 0.8', 'CRIMPING LUGS - 0.8', 'ZOLEX', 0, '2025-02-05 06:32:20', '2025-02-05 06:32:20'),
(628, '25/2L, 25A, 12P', 'TB- 25/ 2L, 25A, 12P', 'TERMINAL BLOCK', 0, '2025-02-05 06:34:25', '2025-02-05 06:34:25'),
(629, '60mm2', 'LADDER TYPE - 60mm2', 'CHINESE BRAND', 0, '2025-02-05 06:37:15', '2025-02-05 06:44:27'),
(630, 'LADDER TYPE - 2125', 'LADDER TYPE - 2125', 'CHINESE BRAND', 0, '2025-02-05 06:38:29', '2025-02-05 06:44:44'),
(631, 'SWB - 10', 'SPIRAL SWB - 10', 'IRTECH', 0, '2025-02-05 06:39:03', '2025-02-05 06:39:03'),
(632, '3x100', 'CABLE TIE ( 31x100)', 'W!XIM', 0, '2025-02-05 06:40:08', '2025-02-05 06:40:08'),
(633, 'LB- 38', 'LONG BARREL ALLOY', 'W!XIM', 0, '2025-02-05 06:43:16', '2025-02-05 06:43:16'),
(634, '50 X 50 METER', 'WD - 50 X 50 METER', 'WIRE DUCT', 0, '2025-02-05 06:46:21', '2025-02-05 06:46:21'),
(635, '45 X 45 METER', 'WD - 45 X 45 METER', 'WIRE DUCT', 0, '2025-02-05 06:46:59', '2025-02-05 06:46:59'),
(636, '25 x  45 MM', 'WD - 25 X 45 MM', 'WIRE DUCT', 0, '2025-02-05 07:34:11', '2025-02-05 07:34:11'),
(637, '25 X 25 MM', 'WD - 25 X 25 MM', 'WIRE DUCT', 0, '2025-02-05 07:34:43', '2025-02-05 07:34:43'),
(638, '150 MM', 'YELLOW - 150MM', 'SHRINKABLE TUBE', 0, '2025-02-05 07:35:30', '2025-02-05 07:35:30'),
(639, '150MM', 'RED - 150MM', 'SHRINKABLE TUBE', 0, '2025-02-05 07:36:12', '2025-02-05 07:36:12'),
(640, '150 MM', 'BLUE - 150MM', 'SHRINKABLE TUBE', 0, '2025-02-05 07:36:53', '2025-02-05 07:36:53'),
(641, '150 MM', 'WHITE - 150 MM', 'SHRINKABLE TUBE', 0, '2025-02-05 07:37:37', '2025-02-05 07:37:37'),
(642, 'S.T - 100MM ', 'RED- 100MM', 'SHRINGKABLE TUBE', 0, '2025-02-05 07:38:58', '2025-02-06 05:33:43'),
(643, 'S.T - 100MM ( YELLOW)', 'YELLOW - 100MM', 'SHRINKABLE TUBE', 0, '2025-02-05 07:40:16', '2025-02-06 05:34:55'),
(644, '100MM', 'BLACK - 100MM', 'SHRINKABLE TUBE', 0, '2025-02-05 07:40:51', '2025-02-05 07:40:51'),
(645, '35 MM', 'RED - 35MM', 'SHRINKABLE TUBE', 0, '2025-02-05 07:41:42', '2025-02-05 07:41:42'),
(646, '35MM', 'RED - 35MM', 'SHRINKABLE TUBE', 0, '2025-02-05 07:42:56', '2025-02-05 07:42:56'),
(647, '35mm', 'BLUE - 35,MM', 'SHRINKABLE TUBE', 0, '2025-02-05 07:44:18', '2025-02-05 07:44:18'),
(648, '35MM', 'YELLOW - 35MM', 'SHRINKABLE TUBE', 0, '2025-02-05 07:44:58', '2025-02-05 07:44:58'),
(649, '35mm', 'YELLOW - 35MM', 'SHRINKABLE TUBE', 0, '2025-02-05 07:49:50', '2025-02-05 07:49:50'),
(650, '15MM', 'RED - 15MM', 'SHRINKABLE TUBE', 0, '2025-02-05 07:50:20', '2025-02-05 07:50:20'),
(651, '15MM', 'BLUE - 15MM', 'SHRINKABLE TUBE', 0, '2025-02-05 07:51:08', '2025-02-05 07:51:08'),
(652, '25MM', 'BLUE - 25MM', 'SHRINKABLE TUBE', 0, '2025-02-05 07:51:44', '2025-02-05 07:51:44'),
(653, '25MM', 'RED - 25MM', 'SHRINKABLE TUBE', 0, '2025-02-05 07:52:11', '2025-02-05 07:52:11'),
(654, '25MM', 'YELLOW - 25MM', 'SHRINKABLE TUBE', 0, '2025-02-05 07:52:42', '2025-02-05 07:52:42'),
(655, '25MM', 'BLACK - 25MM', 'SHRINKABLE TUBE', 0, '2025-02-05 07:53:27', '2025-02-05 07:53:27'),
(656, '25MM', 'RED - 25MM', 'SHRINKABLE TUBE', 0, '2025-02-05 07:53:54', '2025-02-05 07:53:54'),
(657, '10MM', 'YELLOW - 10MM', 'SHRINKABLE TUBE', 0, '2025-02-05 07:54:17', '2025-02-05 07:54:17'),
(658, '10MM', 'YELLOW - 10MM', 'SHRINKABLE TUBE', 0, '2025-02-05 07:55:15', '2025-02-05 07:55:15'),
(659, '10MM', 'BLUE - 10MM', 'SHRINKABLE TUBE', 0, '2025-02-05 07:56:00', '2025-02-05 07:56:00'),
(660, 'SM - 51', 'SM - 51', 'BUSBAR INSULATION / RED POLY', 0, '2025-02-06 00:22:35', '2025-02-06 00:22:35'),
(661, 'SM - 35', 'SM - 35', 'BUSBAR INSULATION - RED POLY', 0, '2025-02-06 01:13:09', '2025-02-06 01:13:09'),
(662, 'SM - 25', 'SM - 25', 'BUSBAR INSULATION - RED POLY', 0, '2025-02-06 01:14:12', '2025-02-06 01:14:12'),
(663, 'SM - 20 ', 'SM - 20', 'BUSBAR INSULATION - RED POLY', 0, '2025-02-06 01:14:41', '2025-02-06 01:14:41'),
(664, '20AT , 1P', 'HDB9H - 20AT , 1P', 'MINATURE', 0, '2025-02-06 01:15:38', '2025-02-06 01:15:38'),
(665, 'C32 , 1P', 'HDB9H- C32, 1P', 'MINATURE', 0, '2025-02-06 01:16:34', '2025-02-06 01:16:34'),
(666, 'C6, 2P', 'HDB9H- C6, 2P', 'MINATURE', 0, '2025-02-06 01:17:15', '2025-02-06 01:17:15'),
(667, 'C.B - 100A, 2P', 'CB - 100A, 2P', 'COMMON BUSBAR', 0, '2025-02-06 01:18:27', '2025-02-06 05:32:52'),
(668, 'CB - 100A, 3P', 'CB - 100A, 3P', 'COMMON BUSBAR', 0, '2025-02-06 01:19:16', '2025-02-06 05:33:05'),
(669, 'CB - 100A, 1P', 'CB - 100, 1P', 'COMMON BUSBAR ', 0, '2025-02-06 01:19:47', '2025-02-06 05:32:28'),
(670, 'DB- 1/2', 'DRILL BIT - 1/2', 'DORMER', 5, '2025-02-06 01:24:29', '2025-02-06 06:22:49'),
(671, 'DB , 3/8', 'DRILL BIT - 3/8', 'DORMER', 11, '2025-02-06 01:25:00', '2025-02-06 06:22:25'),
(672, 'DB, 5/16', 'DRILL BIT , 5/16', 'DORMER', 12, '2025-02-06 01:25:47', '2025-02-06 06:23:27'),
(673, 'DB, 7/32', 'DRILL BIT , 7/ 32', 'DORMER', 7, '2025-02-06 01:26:20', '2025-02-06 06:23:51'),
(674, 'DB, 3/16', 'DRILL BIT, 3/ 16', 'DORMER', 8, '2025-02-06 01:27:04', '2025-02-06 06:24:23'),
(675, 'DB - 3/ 32', 'DRILLBIT , 3/ 32', 'DORMER', 0, '2025-02-06 01:27:52', '2025-02-06 01:27:52'),
(676, 'DB , 1/8', 'DRILL BIT - 1/8', 'DORMER', 4, '2025-02-06 01:29:35', '2025-02-06 06:21:22'),
(677, 'HT ,3/8 NC', 'HANDTAPS, 3/8 NC', '''SKC '' THREAD TOOL WORKS ', 12, '2025-02-06 01:33:19', '2025-02-06 06:30:16'),
(678, 'HT , 1/ 4 NC', 'HAND TAPS , 1/4 NC', '''SKC'''' THREAD TOOL WORK', 21, '2025-02-06 01:34:36', '2025-02-06 06:29:36'),
(679, 'HT , 3/ 16 NC', 'HAND TAPS , 3/ 16 NC', 'SKC , THREAD TOOL WORKS', 12, '2025-02-06 01:35:30', '2025-02-06 06:27:02'),
(680, 'HT , 1/ 8 NC', 'HAND TAPS , 1/ 8 NC', 'SKC, THREAD TOOL WORKS', 21, '2025-02-06 01:36:04', '2025-02-06 06:26:31'),
(681, 'HT -M5 x 0.8', 'HAND TAPS , M5 x 0.8', 'SKC , THREAD TOOL WORKS', 14, '2025-02-06 01:37:43', '2025-02-06 06:33:23'),
(682, 'HT- M6 x 1.0', 'HAND TAPS , M6 x 1.0', 'SKC , THREAD TOOL WORK', 5, '2025-02-06 01:38:26', '2025-02-06 06:33:51'),
(683, 'HT- M4 x 0.7', 'HAND TAPS , M4 x 0.7', 'SKC , THREAD TOOL WORKS', 0, '2025-02-06 01:39:03', '2025-02-06 06:32:18'),
(684, 'HT- M3 x 0.5', 'HAND TAPS , M3 x 0.5', 'SKC , THREAD TOOL WORK', 17, '2025-02-06 01:39:54', '2025-02-06 06:35:17'),
(685, 'F.S - 16MM', 'FLAT STEM - 16MM', 'COMBINATION WRENCH', 0, '2025-02-06 01:48:55', '2025-02-06 01:48:55'),
(686, 'F.S - 18MM', 'FLAT STEM - 18MM', 'COMBINATION WRENCH', 0, '2025-02-06 01:50:06', '2025-02-06 01:50:06'),
(687, 'F.S - 17MM', 'FLAT STEM - 17MM', 'COMBINATION WRENCH', 0, '2025-02-06 01:50:50', '2025-02-06 01:50:50'),
(688, 'F.S - 19MM', 'FLAT STEM - 19MM', 'COMBINATION STEM', 0, '2025-02-06 01:51:18', '2025-02-06 01:51:18'),
(689, 'SA- 60T- 2G', 'CUTTING DISC - SA - 60T- 2G', 'RHINO ', 0, '2025-02-06 01:52:19', '2025-02-06 01:52:19'),
(690, '4'''' ( 100 x 16MM )', 'FLAP DISC 4''''( 100 x 16MM)', 'ESPERTO', 0, '2025-02-06 01:53:23', '2025-02-06 01:53:23'),
(691, 'W.R , 3/32', 'WELDING ROD , 3/ 32', 'NIHON WELD', 0, '2025-02-06 01:55:07', '2025-02-06 01:55:07'),
(692, 'W.R , N- 6013', 'WELDING ROD , N- 6013', 'NIHON WELD', 0, '2025-02-06 01:55:42', '2025-02-06 01:55:42'),
(693, '7/16 x 6''''', 'HT - 7/16 x 6''''', 'HITENCEL', 0, '2025-02-06 01:57:09', '2025-02-06 01:57:09'),
(694, '7/16 x 5''''', 'HT , 7/16 x 5''''', 'HITENCEL', 0, '2025-02-06 01:57:57', '2025-02-06 01:57:57'),
(695, '7/16 x  4 1/2', 'HT - 7/16 x 4 1/2', 'HITENCEL', 0, '2025-02-06 01:58:41', '2025-02-06 01:58:41'),
(696, '7/16 x 3 1/2 ''''', 'HT - 7/16 x 3 1/2''''', 'HITENCEL', 0, '2025-02-06 01:59:17', '2025-02-06 02:00:26'),
(697, '7/16 x 3''''', 'HT - 7/16 x 3''''', 'HITENCEL', 0, '2025-02-06 02:27:19', '2025-02-06 02:27:19'),
(698, 'N - 7/16', 'N - 7/16', 'NUT', 0, '2025-02-06 02:30:46', '2025-02-06 02:30:46'),
(699, '7/16', 'LW - 7/16', 'LOCK WASHER', 0, '2025-02-06 02:37:13', '2025-02-06 02:37:13'),
(700, '5/16 x 2 1/2', 'GI, 5/16 x 2 1/2', 'HEXAGONAL ', 0, '2025-02-06 02:38:22', '2025-02-06 02:38:22'),
(701, '5/16 x 2''''', 'GI, 5/16 x  2''''', 'HEXAGONA;', 0, '2025-02-06 02:39:00', '2025-02-06 02:39:00'),
(702, '5/16 x 1 1/2', 'GI, 5/16 x 1 1/2', 'HEXAGON ', 0, '2025-02-06 02:41:04', '2025-02-06 02:41:04'),
(703, '5/16 x 1''''', 'GI, 5/16 x 1''''', 'HEXAGON ', 0, '2025-02-06 02:42:09', '2025-02-06 02:42:09'),
(704, '5/16', 'N - 5/16', 'NUT', 0, '2025-02-06 02:43:10', '2025-02-06 02:43:10'),
(705, '5/16', 'FW - 5/16', 'FLAT WASHER ', 0, '2025-02-06 02:43:33', '2025-02-06 02:43:33'),
(706, '5/16', 'LW - 5/16', 'LOCK WASHER', 0, '2025-02-06 02:44:00', '2025-02-06 02:44:00'),
(707, 'GI,HEX - 1/4 x 2''''', 'GI,HEX - 1/4 x 2''''', 'HEXAGONAL', 0, '2025-02-06 02:45:03', '2025-02-06 05:31:27'),
(708, 'GI,  1/14 x 1 1/2 ', 'GI , 1/4 x 1 1/2 ', 'HEXAGONAL  ', 0, '2025-02-06 02:46:24', '2025-02-06 05:26:30'),
(709, 'GI, 1/4 x 1 1/4', 'GI, 1/4 x 1 1/4', 'HEXAGONAL', 0, '2025-02-06 02:47:25', '2025-02-06 05:29:37'),
(710, 'GI, 1/4 x 1''''', 'GI, 1/4 x 1''''', 'HEXAGONAL', 0, '2025-02-06 02:48:20', '2025-02-06 05:29:58'),
(711, 'GI,HEX, 1/4 x 3/4', 'GI , 1/4 x 3/4', 'HEXAGONAL', 0, '2025-02-06 02:48:56', '2025-02-06 05:31:38'),
(712, 'GI HEX , 1/4 x 1/2', 'GI HEX , 1/4 x 1/2', 'HEXAGONAL', 0, '2025-02-06 02:49:31', '2025-02-06 05:30:45'),
(713, 'S.L , 1/4 x 1/2', 'SCREW PLOT - 1/4 x 1/2', 'ROUND HEAD', 0, '2025-02-06 02:51:02', '2025-02-06 05:30:58'),
(714, 'SCREW- 1/4 x 1 1/4', 'SCREW- 1/4 x 1 1/4', 'FLAT HEAD', 0, '2025-02-06 02:52:17', '2025-02-06 05:29:47'),
(715, 'SCREW- 1/4 x 1 1/2 ', 'SCREW - 1/4 x 1 1/2', 'FLAT HEAD', 0, '2025-02-06 02:52:53', '2025-02-06 05:27:46'),
(716, 'N - 1/4', 'N - 1/4', 'NUT', 0, '2025-02-06 02:53:19', '2025-02-06 05:29:17'),
(717, 'FW - 1/4', 'FW - 1/4', 'FLAT WASHER', 0, '2025-02-06 02:53:42', '2025-02-06 05:26:15'),
(718, 'LW - 1/4', 'LW - 1/4', 'LOCK WASHER', 0, '2025-02-06 02:54:09', '2025-02-06 05:29:27'),
(719, '3/16 x 1''''', 'GI, 3/16 x 1''''', 'TRUSS HEAD', 0, '2025-02-06 02:55:02', '2025-02-06 02:55:02'),
(720, '3/16 x 1/2', 'GI, 3/16 x 1/2', 'TRUSS HEAD', 0, '2025-02-06 02:58:49', '2025-02-06 02:58:49'),
(721, '3/16 x 1''''', 'RH - 3/16 x 1''''', 'ROUND HEAD', 0, '2025-02-06 03:07:41', '2025-02-06 03:07:41'),
(722, '3/16 x 3/4', 'RH - 3/16 x 3/4', 'ROUND HEAD', 0, '2025-02-06 03:09:00', '2025-02-06 03:09:00'),
(723, '3/16 x 1/2', 'RH - 3/16 x  1/2', 'ROUND HEAD', 0, '2025-02-06 03:09:48', '2025-02-06 03:09:48'),
(724, '3/16 x3/8', 'RH - 3/16 x 3/8', 'ROUND HEAD', 0, '2025-02-06 03:10:39', '2025-02-06 03:10:39'),
(725, '3/16', 'N - 3/16', 'NUT', 0, '2025-02-06 03:11:03', '2025-02-06 03:11:03'),
(726, '3/16', 'FW - 3/16', 'FLAT WASHER', 0, '2025-02-06 03:11:29', '2025-02-06 03:11:29'),
(727, '3/16', 'LW - 3/16', 'LOCK WASHER', 0, '2025-02-06 03:11:51', '2025-02-06 03:11:51'),
(728, 'M8 x 15MM', 'NF - M8 x  15MM', 'FINE TREAD', 0, '2025-02-06 03:13:27', '2025-02-06 03:13:27'),
(729, 'NF - 15/32 x 3 3/8', 'NF - 15/32  x 3 3/8', 'FINE TREAD', 0, '2025-02-06 03:14:36', '2025-02-06 05:36:29'),
(730, '7/16 x 1 1/2', 'NF - 7/16 x 1 1/2', 'FINE TREAD', 0, '2025-02-06 03:15:51', '2025-02-06 03:15:51'),
(754, 'HDM3 - 4020 ', 'MCCB - 20AT, 4P', 'HIMEL', 0, '2025-02-06 07:08:08', '2025-02-06 07:08:08'),
(733, '63AT, 3P', 'HDB9H - 63AT, 3P', 'HIMEL', 0, '2025-02-06 03:20:13', '2025-02-06 03:20:13'),
(734, '40AT, 3P', 'HDB9H - 40AT, 3P', 'HMEL', 0, '2025-02-06 03:20:54', '2025-02-06 03:20:54'),
(735, '20AT, 1P', 'HDB9H - 20AT , 1P', 'HIMEL', 0, '2025-02-06 03:21:22', '2025-02-06 03:21:22'),
(736, 'EZC100N3020', 'EZC100N3020', 'SCHNEIDER ELECTRIC', 35, '2025-02-06 03:26:51', '2025-02-06 06:45:07'),
(741, 'D.S - W/ FOAM , 3/4', 'D.S - W/ FOAM , 3/4', 'DOUBLE SIDED TAPE', 0, '2025-02-06 06:03:14', '2025-02-06 06:03:14'),
(742, 'D.S - W/O FOAM - 1 ', 'D.S - W/O FOAM - 1 ', 'DOUBLE SIDED TAPE', 0, '2025-02-06 06:04:07', '2025-02-06 06:04:07'),
(743, 'SP - # 80', 'SP - # 80', 'SAND PAPER', 0, '2025-02-06 06:04:34', '2025-02-06 06:04:34'),
(744, 'SP, #1000', 'SP, #1000', 'SAND PAPER', 0, '2025-02-06 06:04:57', '2025-02-06 06:04:57'),
(745, 'MT, 2', 'MT, 2', 'MASKING TAPE', 0, '2025-02-06 06:05:22', '2025-02-06 06:05:22'),
(746, 'SG - CLEAR', 'SAFETY GIGGLES - CLEAR', 'SDC', 4, '2025-02-06 06:06:50', '2025-02-06 06:16:24'),
(747, 'SH, WHITE', 'SAFETY HELMET - WHITE', 'SDC', 0, '2025-02-06 06:07:28', '2025-02-06 06:07:28'),
(748, 'SH, YELLOW', 'SH, YELLOW', 'SDC', 0, '2025-02-06 06:07:56', '2025-02-06 06:07:56'),
(749, 'SH, BLUE ', 'SAFETY HELMET - BLUE', 'SDC', 0, '2025-02-06 06:08:20', '2025-02-06 06:08:20'),
(750, 'STRETCH FILM', 'STRETCH FILM', 'STRETCH FILM', 4, '2025-02-06 06:10:28', '2025-02-06 06:38:39'),
(751, 'CARBON BRUSH', 'CARBON BRUSH', 'CARBON BRUSH', 2, '2025-02-06 06:10:48', '2025-02-06 06:14:59'),
(752, 'HDM3 - 80AT, 3P', 'HDM3 - 3080', 'HIMEL', 0, '2025-02-06 06:57:56', '2025-02-06 06:57:56'),
(753, 'HDM3 - 2050', 'MCCB - 50AT, 2P', 'HIMEL', 0, '2025-02-06 07:06:54', '2025-02-06 07:06:54'),
(757, 'EZC100F3100', 'MCCB - 100AT, 3P ', 'SCHNEIDER', 2, '2025-02-06 07:29:12', '2025-02-06 07:29:49'),
(758, 'HDM2 - 2020', 'MCCB - 20AT, 2P', 'HIMEL', 10, '2025-02-06 07:32:31', '2025-02-06 07:34:03'),
(767, 'EZC100H3030', 'MCCB- 30AT, 3P', 'SCHNEIDER', 0, '2025-02-06 07:54:14', '2025-02-06 07:54:14'),
(761, 'EZC100N3075', 'MCCB- 75AT, 3P', 'SCHNEIDER', 1, '2025-02-06 07:42:12', '2025-02-06 07:42:24'),
(762, 'EZC 100H3075', 'MCCB- 75AT, 3P', 'SCHNEIDER', 3, '2025-02-06 07:44:11', '2025-02-06 07:45:16'),
(763, 'EZC100F3060', 'MCCB - 60AT,3P', 'SCHNEIDER', 0, '2025-02-06 07:46:03', '2025-02-06 07:46:03'),
(764, 'EZC100N3050', 'MCCB- 50AT, 3P', 'SCHNEIDER', 0, '2025-02-06 07:47:08', '2025-02-06 08:14:11'),
(765, 'EZC100N3050', 'MCCB- 50AT, 3P', 'SCHNEIDER', 2, '2025-02-06 07:48:40', '2025-02-06 07:49:44'),
(769, 'NS x 250F- 3200', 'MCCB - 200AT, 3P', 'SCHNEIDER', 0, '2025-02-06 07:58:22', '2025-02-06 07:58:22'),
(770, 'EZC250F3200', 'MCCB - 200AT, 3P', 'SCHNEIDER', 0, '2025-02-06 07:59:07', '2025-02-06 07:59:07'),
(771, 'EZC250H3125', 'MCCB - 125,3P', 'SCHNEIDER', 0, '2025-02-06 07:59:55', '2025-02-06 07:59:55'),
(772, 'EZC250F3160', 'MCCB - 160AT, 3P', 'SCHNEIDER', 0, '2025-02-06 08:00:41', '2025-02-06 08:00:41'),
(773, 'EZC250H2225', 'MCCB - 225AT, 2P', 'SCHNEIDER', 0, '2025-02-06 08:01:22', '2025-02-06 08:01:22'),
(774, 'EZC250H2250', 'MCCB - 250AT, 2P', 'SCHNEIDER', 0, '2025-02-06 08:04:59', '2025-02-06 08:04:59'),
(775, 'EZC250H2200', 'MCCB - 200AT, 2P', 'SCHNEIDER', 2, '2025-02-06 08:06:29', '2025-02-06 08:19:11'),
(780, 'EZC100H2050', 'MCCB- 50AT,2P', 'SCHNEIDER', 3, '2025-02-06 08:22:34', '2025-02-06 08:25:18'),
(781, 'EZC100H2040', 'MCCB- 40AT, 2P', 'SCHNEIDER', 0, '2025-02-06 08:23:38', '2025-02-06 08:23:38'),
(782, 'EZC100H2015', 'MCCB- 15AT, 2P', 'SCHNEIDER', 3, '2025-02-06 08:24:13', '2025-02-06 08:25:58'),
(783, 'EZC100H2080', 'MCCB- 80AT, 2P', 'SCHNEIDER', 2, '2025-02-06 08:24:46', '2025-02-06 08:26:12'),
(784, 'EZC100H1075', 'MCCB - 75AT, 1P', 'SCHNEIDER', 13, '2025-02-06 08:28:32', '2025-02-06 08:36:36'),
(785, 'EZC100N1075', 'MCCB - 75AT, 1P', 'SCHNEIDER', 2, '2025-02-06 08:29:21', '2025-02-06 08:36:59'),
(786, 'EZC100N1060', 'MCCB - 60AT, 1P', 'SCHNEIDER', 1, '2025-02-06 08:30:23', '2025-02-06 08:37:16'),
(787, 'EZC100H1030', 'MCCB- 30AT, 1P', 'SCHNEIDER', 13, '2025-02-06 08:31:10', '2025-02-06 08:37:48'),
(788, 'EZC100H1040', 'MCCB- 40AT, 1P', 'SCHNEIDER', 1, '2025-02-06 08:32:05', '2025-02-06 08:38:09'),
(789, 'EZC100H1020', 'MCCB- 20AT, 1P', 'SCHNEIDER', 0, '2025-02-06 08:33:05', '2025-02-06 08:33:05'),
(790, 'EZC100N1020', 'MCCB - 20AT, 1P', 'SCHNEIDER', 0, '2025-02-06 08:33:39', '2025-02-06 08:33:39'),
(791, 'DM - PM2120', 'DIGITAL METER - 120AT, 2P', 'SCHNEIDER', 3, '2025-02-06 08:42:17', '2025-02-06 08:57:33'),
(792, 'LC1D12M7 - 3012', 'CONTACTOR - LC1D12M7 - 12A, 3P', 'SCHNEIDER', 1, '2025-02-06 08:43:47', '2025-02-06 08:57:57'),
(793, 'LC1D18M7 - 3018', 'C - LC1D18M7 - 18A, 3P', 'SCHNEIDER', 1, '2025-02-06 08:44:56', '2025-02-06 08:58:37'),
(794, 'LC1D25M7 - 3025', 'C- LC1D25M7 - 25A, 3P', 'SCHNEIDER', 1, '2025-02-06 08:45:50', '2025-02-06 08:59:01'),
(795, 'G12E3F80 - 3080', 'G12E3F80 - 80A, 3P', 'SCHNEIDER', 1, '2025-02-06 08:47:00', '2025-02-06 08:59:34'),
(796, 'G20B3A200 - 3200', 'GG20B3A200 - 200A, 3P', 'SCHNEIDER', 1, '2025-02-06 08:49:07', '2025-02-06 08:59:53'),
(797, 'EZC630N3500N', 'MCCB - 500N, 3P', 'SCHNEIDER', 0, '2025-02-06 08:51:00', '2025-02-06 08:51:00'),
(798, 'EZC400N3320N', 'MCCB - 320N, 3P', 'SCHNEIDER', 2, '2025-02-06 08:51:35', '2025-02-06 09:00:48'),
(799, 'NS1250N', 'MCCB - 250N , 3P', 'SCHNEIDER', 0, '2025-02-06 08:52:28', '2025-02-06 09:01:42'),
(800, 'NS1000N', 'MCCB - 1000AT, 3P', 'SCHNEIDER', 0, '2025-02-06 08:53:01', '2025-02-06 08:53:53'),
(804, 'QOB 260', 'MCCB / MCB - 60AT, 2P', 'SCHNEIDER', 5, '2025-02-07 00:30:34', '2025-02-07 00:39:11'),
(805, 'QOB 230', 'MCB/ MCCB - 30AT, 2P', 'SCHNEIDER', 1, '2025-02-07 00:32:29', '2025-02-07 00:39:34'),
(806, 'QOB 220', 'MCCB/ MCB - 2OAT, 2P', 'SCHNEIDER', 6, '2025-02-07 00:33:00', '2025-02-07 00:39:59'),
(807, 'QOB 215', 'MCCB / MCB - 15AT, 2P', 'SCHNEIDER', 3, '2025-02-07 00:33:41', '2025-02-07 00:40:35'),
(808, 'QOB 220 ( PLUG IN )', 'MCCB / MCB - 2OAT, 2P', 'SCHNEIDER', 1, '2025-02-07 00:34:37', '2025-02-07 00:41:43'),
(809, 'QOB 370', 'MCCB / MCB - 70AT, 3P', 'SCHNEIDER', 1, '2025-02-07 00:35:35', '2025-02-07 00:42:00'),
(810, 'QOB 360', 'MCCB/ MCB - 60AT, 2P', 'SCHNEIDER', 6, '2025-02-07 00:36:39', '2025-02-07 00:42:18'),
(811, 'QOB 350', 'MCCB/ MCB - 50AT, 3P', 'SCHNEIDER', 1, '2025-02-07 00:37:20', '2025-02-07 00:48:11'),
(812, 'QOB 320', 'MCCB / MCB - 20AT, 3P', 'SCHNEIDER', 3, '2025-02-07 00:38:01', '2025-02-07 00:48:29'),
(813, 'HDM3 - 31250', 'MCB /MCCB - 1250AT, 3P', 'HIMEL', 0, '2025-02-07 00:49:25', '2025-02-07 00:49:25'),
(814, 'HDM3 -3500', 'MCB / MCCB - 500AT, 3P', 'HIMEL', 1, '2025-02-07 00:51:02', '2025-02-07 01:42:11'),
(815, 'HDM3 - 3350', 'MCB / MCCB - 350AT , 3P', 'HIMEL', 1, '2025-02-07 00:51:51', '2025-02-07 01:43:01'),
(816, 'HDM3 - 3200', 'MCB / MCCB - 200AT , 3P', 'HIMEL', 0, '2025-02-07 00:52:31', '2025-02-07 00:52:31'),
(817, 'HDM3 - 3100', 'MCB / MCCB - 100AT, 3P', 'HIMEL', 3, '2025-02-07 00:53:10', '2025-02-07 01:45:36'),
(818, 'HDM3 - 3080', 'MCB / MCCB - 80AT, AT', 'HIMEL', 1, '2025-02-07 01:29:01', '2025-02-07 01:46:12'),
(819, 'HDM3 - 3063', 'MCB / MCCB - 63AT, 3P', 'HIMEL', 2, '2025-02-07 01:29:56', '2025-02-07 02:21:00'),
(820, 'HDM3 - 3032', ' MCCB -32AT, 3P', 'HIMEL', 1, '2025-02-07 01:30:37', '2025-02-07 03:11:45'),
(821, 'HDM3 -3050', 'MCB/ MCCB - 50AT,3P', 'HIMEL', 0, '2025-02-07 01:31:07', '2025-02-07 01:31:07'),
(843, 'J. BOX - 26 WAYS', 'JUNON BOX 26 WAYS', 'THERMOPLASTIC', 0, '2025-02-07 03:18:43', '2025-02-07 03:18:43'),
(822, 'HDM1 -2225', 'MCCB / MCB - 225AT, 2P', 'HIMEL', 1, '2025-02-07 02:23:25', '2025-02-07 02:30:16'),
(823, 'HDM3V - 2160', 'MCCB / MCB - 160AT, 2P', 'HIMEL', 5, '2025-02-07 02:24:07', '2025-02-07 02:30:32'),
(824, 'HDM2- 2125', 'MCB/ MCCB - 125AT, 2P', 'HIMEL', 0, '2025-02-07 02:24:38', '2025-02-07 02:24:38'),
(825, 'HDM2- 2050', 'MCCB/ MCB - 50AT, 2P', 'HIMEL', 1, '2025-02-07 02:25:59', '2025-02-07 02:31:33'),
(826, 'HMD2- 2040', 'MCCB/ MCB - 40AT, 2P', 'HIMEL', 16, '2025-02-07 02:26:54', '2025-02-07 02:34:27'),
(827, 'HDM2- 2020', 'MCCB/ MCB - 20AT, 2P', 'HIMEL', 8, '2025-02-07 02:27:30', '2025-02-07 02:32:37'),
(828, 'HDM2- 1020', 'MCCB/ MCB - 20AT, 1P', 'HIMEL', 8, '2025-02-07 02:28:03', '2025-02-07 02:33:56'),
(829, 'HDM3- 4020', 'MCCB/ MCB - 20AT, 4P', 'HIMEL', 0, '2025-02-07 02:28:41', '2025-02-07 02:28:41'),
(830, 'HDM3- 4160', 'MCCB/ MCB - 160AT, 4P', 'HIMEL', 10, '2025-02-07 02:29:42', '2025-02-07 02:35:05'),
(831, 'HDB9H - 106', 'MCCB/ MCB - 6AT, 1P', 'HIMEL', 34, '2025-02-07 02:36:08', '2025-02-07 02:50:31'),
(832, 'HDB9H - 1032', 'MCCB/ MCB - 32AT, 1P', 'HIMEL', 50, '2025-02-07 02:37:19', '2025-02-07 02:51:16'),
(833, 'HDB9H- 1020', 'MCCB/ MCB - 20AT, 1P', 'HIMEL', 1, '2025-02-07 02:38:44', '2025-02-07 02:53:50'),
(834, 'HDB9H - 1040', 'MCCB/ MCB - 40AT, 1P', 'HIMEL', 1, '2025-02-07 02:39:48', '2025-02-07 02:54:13'),
(835, 'HDB9H - 2032', 'MCCB/ MCB - 32AT, 2P', 'HIMEL', 0, '2025-02-07 02:40:46', '2025-02-07 02:40:46'),
(836, 'HDB9H - 2020', 'MCCB/ MCB - 20AT, 2', 'HIMEL', 9, '2025-02-07 02:41:19', '2025-02-07 02:55:24'),
(837, 'HDB9H - 2040', 'MCCB/ MCB - 40AT, 2P', 'HIMEL', 2, '2025-02-07 02:41:51', '2025-02-07 02:55:45'),
(838, 'HDB9H - 2050', 'MCCB/ MCB - 50AT, 2P', 'HIMEL', 1, '2025-02-07 02:42:38', '2025-02-07 02:56:28'),
(839, 'HDB9H -306', 'MCCB/ MCB - 6AT, 3P', 'HIMEL', 1, '2025-02-07 02:44:08', '2025-02-07 02:56:12'),
(840, 'HDB9H - 203', 'MCCB/ MCB - 20AT, 3P', 'HIMEL', 1, '2025-02-07 02:46:12', '2025-02-07 02:57:32'),
(841, 'HDB9H- 3063', 'MCCB/ MCB - 63AT, 3P', 'HIMEL', 4, '2025-02-07 02:47:04', '2025-02-07 02:57:52'),
(842, 'HDB9H- 206', 'MCCB/ MCB - 6AT, 2P', 'HIMEL', 1, '2025-02-07 02:48:16', '2025-02-07 02:58:11'),
(844, 'J. BOX -16 WAYS', 'JUNON BOX - 16 WAYS ', 'THERMOPLASTIC', 0, '2025-02-07 03:19:57', '2025-02-07 03:19:57'),
(845, 'J. BOX - 19 WAYS', 'JUNON BOX - 19 WAYS', 'THERMOPLASTIC', 0, '2025-02-07 03:20:39', '2025-02-07 03:20:39'),
(846, 'J. BOX - 10 WAYS ', 'JUNON BOX - 10 WAYS ', 'THERMOPLASTIC', 0, '2025-02-07 03:21:26', '2025-02-07 03:21:26'),
(847, 'H- BOX , 12 WAYS ', 'HIMEL  BOX - 12 WAYS', 'THERMOPLASTIC ', 0, '2025-02-07 03:22:34', '2025-02-07 03:22:34'),
(848, 'A9F74- 120', 'MCB - 20AT, 1P', 'SCHNEIDER', 13, '2025-02-07 03:23:42', '2025-02-07 03:56:06'),
(849, 'A9F74 - 150', 'MCB - 50AT, 1P', 'SCHNEIDER', 1, '2025-02-07 03:24:52', '2025-02-07 03:56:45'),
(850, 'A9F74- 163', 'MCB - 63AT, 1P', 'SCHNEIDER', 3, '2025-02-07 03:26:16', '2025-02-07 03:57:51'),
(851, 'A9F74- 132', 'MCB - 32AT, 1P', 'SCHNEIDER', 2, '2025-02-07 03:29:01', '2025-02-07 03:58:24'),
(852, 'A9F74 - 206', 'MCB - 6AT, 2P', 'SCHNEIDER', 1, '2025-02-07 03:30:08', '2025-02-07 03:58:46'),
(853, 'A9F74- 232', 'MCB - 32AT, 2P', 'SCHNEIDER', 8, '2025-02-07 03:30:59', '2025-02-07 03:59:18'),
(854, 'A9F74- 220', 'MCB - 20AT, 2P', 'SCHNEIDER', 0, '2025-02-07 03:31:41', '2025-02-07 03:31:41'),
(855, 'A9F74 - 306', 'MCB - 6AT, 3P', 'SCHNEIDER', 2, '2025-02-07 03:32:25', '2025-02-07 04:00:15'),
(856, 'A9F74- 210', 'MCB - 10AT , 2P', 'SCHNEIDER', 2, '2025-02-07 03:35:08', '2025-02-07 03:59:54'),
(857, 'A9F74 - 320', 'MCB - 20AT, 3P', 'SCHNEIDER', 7, '2025-02-07 03:35:51', '2025-02-07 04:01:22'),
(858, 'A9F74- 332', 'MCB - 32AT, 3P', 'SCHNEIDER', 10, '2025-02-07 03:36:38', '2025-02-07 04:01:55'),
(859, 'A9F74- 340', 'MCB- 40AT, 3P', 'SCHNEIDER', 2, '2025-02-07 03:37:24', '2025-02-07 04:02:19'),
(860, 'A9F74 -350', 'MCB - 50AT, 3P', 'SCHNEIDER', 4, '2025-02-07 03:37:59', '2025-02-07 04:02:48'),
(861, 'A9F74- 363', 'MCB - 63AT, 3P', 'SCHNEIDER', 1, '2025-02-07 03:38:36', '2025-02-07 04:03:10'),
(862, 'A9F74- 263', '63AT, 2P', 'SCHNEIDER', 1, '2025-02-07 03:39:03', '2025-02-07 04:03:41'),
(863, 'A9F74 - 263', 'MCB - 63AT , 2P', 'SCHNEIDER', 0, '2025-02-07 03:41:43', '2025-02-07 03:41:43'),
(864, 'A9F74 - 250', 'MCB - 50AT, 2P', 'SCHNEIDER', 1, '2025-02-07 03:42:18', '2025-02-07 04:04:02'),
(865, 'A9F74- 240', 'MCB - 40AT, 2P', 'SCHNEIDER', 1, '2025-02-07 03:43:13', '2025-02-07 04:04:18'),
(866, 'A9F4- 216', 'MCB - 16AT, 2P', 'SCHNEIDER', 1, '2025-02-07 03:44:24', '2025-02-07 04:04:35'),
(867, 'A9F74 - 206', 'MCB - 6AT, 2P', 'SCHNEIDER', 1, '2025-02-07 03:45:41', '2025-02-07 04:05:14'),
(868, 'EZ9F56- 206', 'MCB - 6AT, 2P', 'SCHNEIDER', 1, '2025-02-07 03:46:51', '2025-02-07 04:05:40'),
(869, 'EZ9F51-216', 'MCB - 16AT, 2P', 'SCHNEIDER', 2, '2025-02-07 03:47:35', '2025-02-07 04:05:58'),
(870, 'EZ9F56- 232', 'MCB - 32AT, 2P', 'SCHNEIDER', 5, '2025-02-07 03:48:20', '2025-02-07 04:06:12'),
(871, 'EZ9F51- 263', 'MCB - 63AT, 2P', 'SCHNEIDER', 1, '2025-02-07 03:49:06', '2025-02-07 04:11:39'),
(872, 'EZ9F51- 240', 'MCB - 40AT, 2P', 'SCHNEIDER', 5, '2025-02-07 03:50:52', '2025-02-07 04:11:03'),
(873, 'EZ9F51- 340', 'MCB - 40AT, 2P', 'SCHNEIDER', 1, '2025-02-07 03:51:25', '2025-02-07 04:12:04'),
(874, 'EZ9F56- 363', 'MCB - 63AT, 2P', 'SCHNEIDER', 1, '2025-02-07 03:52:11', '2025-02-07 04:12:23'),
(875, 'TS12102 - 1032', 'MCB - 32AT, 1P', 'SCHNEIDER', 1, '2025-02-07 03:53:17', '2025-02-07 04:12:46'),
(876, 'A9N18357- 1080', 'MCB - 80AT, 1P', 'SCHNEIDER', 3, '2025-02-07 03:53:58', '2025-02-07 04:13:10'),
(877, 'A9N18362- 2100', 'MCB - 100AT, 2P', 'SCHNEIDER', 2, '2025-02-07 03:54:39', '2025-02-07 04:13:41'),
(878, 'A9N18363- 2125', 'MCB - 125AT, 2P', 'SCHNEIDER', 7, '2025-02-07 03:55:10', '2025-02-07 04:14:02'),
(879, 'TQD - 3200', 'G.E BREAKS - 200AT, 30P', 'GENERAL ELECTRIC (G.E)', 1, '2025-02-07 05:07:18', '2025-02-07 06:31:16'),
(880, 'TQD - 3150', 'G.E - 150AT, 3P', 'GENERAL ELECTRIC (GE)', 4, '2025-02-07 05:08:43', '2025-02-07 06:31:39'),
(881, 'TH2D - 2150', 'G.E - 150AT, 2P', 'GENERAL ELECTRIC ( GE)', 0, '2025-02-07 05:47:54', '2025-02-07 05:47:54'),
(882, 'TCD - 3075', 'GE - 75AT, 3P', 'GENERAL ELECTRIC', 1, '2025-02-07 05:48:45', '2025-02-07 06:32:19'),
(883, 'GB - 3160', 'G.E - 160AT,3P', 'GENERAL ELECTRIC', 1, '2025-02-07 05:49:31', '2025-02-07 06:32:43'),
(884, 'TQC - 3100', 'GE- 100AT, 3P', 'GENERAL ELECTRIC', 1, '2025-02-07 05:50:12', '2025-02-07 06:33:57'),
(885, 'TQC - 3070', 'G.E - 70AT, 3', 'GENERAL ELECTRIC', 5, '2025-02-07 05:51:23', '2025-02-07 06:34:34'),
(886, 'TQC - 3060', 'G.E - 60AT, 3P', 'GENERAL ELECTRIC', 2, '2025-02-07 05:51:56', '2025-02-07 06:35:28'),
(887, 'TQC - 3050', 'G.E - 50AT, 3P', 'GENERAL ELECTRIC', 2, '2025-02-07 05:52:38', '2025-02-07 06:37:46'),
(888, 'TQC - 2070', 'G.E - 70AT,2P', 'GENERAL ELECTRIC', 0, '2025-02-07 05:53:14', '2025-02-07 05:53:14'),
(889, 'TQC - 2050', 'GE - 50AT, 2P', 'GENERAL ELECTRIC ', 1, '2025-02-07 05:53:40', '2025-02-07 06:40:15'),
(890, 'TQC - 2030', 'GE- 30AT, 2P', 'GENERAL ELECTRIC ', 2, '2025-02-07 05:54:25', '2025-02-07 06:40:37'),
(891, 'TQC - 2015', 'G.E - 15AT, 2P', 'GENERAL ELECTRIC ', 2, '2025-02-07 05:55:03', '2025-02-07 06:41:27'),
(892, 'TQC - 1040', 'G.E - 50AT, 1P', 'GENERAL ELECTRIC ', 2, '2025-02-07 05:55:53', '2025-02-07 06:41:49'),
(893, 'TQC - 1030', 'G.E - 30AT, 1P', 'GENERAL ELECTRIC', 5, '2025-02-07 05:56:28', '2025-02-07 06:42:11'),
(894, 'MTS - 2 x 1P, 6A', 'MTS - 2x 1P, 6A', 'MEIJI', 93, '2025-02-07 06:11:24', '2025-02-07 06:44:24'),
(895, 'MTS - 2 x 1P, 20A', 'MTS - 2 x 1P, 20A', 'MEIJI', 6, '2025-02-07 06:11:58', '2025-02-07 06:44:44'),
(896, 'HDCH8S- 4032 ( 2 NO + 2 NC )', 'HDCH8S - 32AT, 4P ( 2 NO + 2 NC )', 'HIMEL ', 29, '2025-02-07 06:13:43', '2025-02-07 06:45:55'),
(897, 'HDCH8S - 2032 ( 1 NO + 1 NC )', 'HDCH8S - 32AT, 2P ( 1 NO + 1 NC )', 'HIMEL', 26, '2025-02-07 06:14:53', '2025-02-07 06:46:28'),
(898, 'T.R - 5230V', 'TIME RELAY - 5A/230V', 'ANLY', 17, '2025-02-07 06:18:19', '2025-02-07 06:48:18'),
(899, 'HDB3 - 2040 ( RCBO )', 'HDB3 - 40AT, 2P', 'HIMEL', 4, '2025-02-07 06:18:59', '2025-02-07 06:48:59'),
(900, 'HDB3 - 4063 ( RCBO )', 'HDB3 - 63AT, 4P', 'HIMEL', 7, '2025-02-07 06:20:34', '2025-02-07 06:49:17'),
(901, 'HDB2H - 2100', 'HDB2H - 100AT, 2P', 'HIMEL', 3, '2025-02-07 06:21:37', '2025-02-07 06:49:40'),
(902, 'HDB2W - 2080', 'HDB2W - 80AT, 2P', 'HIMEL', 1, '2025-02-07 06:22:12', '2025-02-07 06:51:04'),
(903, 'HDB3W - 3100', 'HDB3 - 100AT,  3P', 'HIMEL', 4, '2025-02-07 06:22:55', '2025-02-07 06:51:28'),
(904, 'HDM1 - 3050', 'HDM1 - 50AT. 3P', 'HIMEL', 3, '2025-02-07 06:23:34', '2025-02-07 06:52:03'),
(905, 'HDM1- 2050', 'HDM1 - 50AT, 2P', 'HIMEL', 1, '2025-02-07 06:24:21', '2025-02-07 06:52:22'),
(906, 'HDM1- 2020', 'HDM1 - 20AT, 2P', 'HIMEL', 1, '2025-02-07 06:24:48', '2025-02-07 06:53:12'),
(907, 'HDM1- 3200', 'HDM1 - 200AT, 3P', 'HIMEL', 1, '2025-02-07 06:25:16', '2025-02-07 06:53:32'),
(908, 'CC- 53000', 'CURRENT COIL - 3000/5A', 'CAMSCO', 3, '2025-02-07 06:25:59', '2025-02-07 06:54:56'),
(909, 'CC- 52000', 'CURRENT COIL - 2000/5A', 'CAMSCO', 3, '2025-02-07 06:26:50', '2025-02-07 06:55:14'),
(910, 'CC - 5800', 'CURRENT COIL - 800/5A', 'CAMSCO', 1, '2025-02-07 06:27:35', '2025-02-07 06:55:42'),
(911, 'CC- 51200', 'CURRENT COIL - 1200/5A', 'CAMSCO', 1, '2025-02-07 06:28:08', '2025-02-07 06:56:04'),
(912, 'CC- 5400', 'CURRENT COIL - 400/5A', 'CAMSCO', 0, '2025-02-07 06:28:34', '2025-02-07 06:28:34'),
(913, 'CC- 5100', 'CURRENT COIL - 100/5A', 'CAMSCO', 0, '2025-02-07 06:29:02', '2025-02-07 06:29:02'),
(914, 'CC- 5075', 'CURRENT COIL - 75/5A', 'CAMSCO', 0, '2025-02-07 06:29:34', '2025-02-07 06:29:34'),
(915, 'CC- 5050', 'CURRENT COIL - 50/5A', 'CAMSCO', 0, '2025-02-07 06:30:09', '2025-02-07 06:30:09'),
(916, 'A1 - A125 - 3040', 'MCB - A1- A125 - 40AT, 3P', 'ABB - BREAKER', 2, '2025-02-07 07:02:28', '2025-02-10 00:32:55'),
(917, 'SH203 - 3020', 'MCB - SH 203 - 20AT, 3P', 'ABB - BREAKER', 0, '2025-02-07 07:03:32', '2025-02-07 07:03:32'),
(918, 'SH 202 - 2032', 'MCB - SH 202 - 32AT, 2P', 'ABB - BREAKER ', 0, '2025-02-07 07:04:44', '2025-02-07 07:04:44'),
(919, 'S251S-  1063', 'MCB - S251S - 63AT, 1P', 'ABB - BREAKER ', 0, '2025-02-07 07:08:59', '2025-02-07 07:08:59'),
(920, 'BM250SN - 3250', 'MCB - BM250SN - 250AT, 3P', 'SHIHLIN - BREAKERS', 3, '2025-02-07 07:19:04', '2025-02-10 02:33:53'),
(921, 'BM100SN - 2075', 'MCB - BM100SN - 75AT, 2P', 'SHIHLIN - BREAKER', 2, '2025-02-07 07:20:09', '2025-02-10 02:34:20'),
(922, 'BPH- 2020 ( BOLT - ON )', 'MCB - BPH - 20AT,2P ( BOLT - ON )', 'SHIHLIN - BREAKER', 10, '2025-02-07 07:21:12', '2025-02-10 02:35:56'),
(923, 'BPH - 2030 ( BOLT - ON )', ' MCB - BPH- 30AT, 2P  ( BOLT - ON )', 'SHIHLIN - BREAKER', 3, '2025-02-07 07:22:43', '2025-02-10 02:35:08'),
(924, 'BHA31 - 1020', 'MCB - BHA 31- 20AT.3P', 'SHIHLIN - BREAKER', 3, '2025-02-07 07:23:29', '2025-02-10 02:36:55'),
(925, 'BHA31 - 1032', 'MCB - BHA31 - 32AT, 1P', 'SHIHLIN - BREAKER', 0, '2025-02-07 07:25:23', '2025-02-07 07:25:23'),
(926, 'BHA41- 1020', 'MCB - BHA41 - 20AT, 1P', 'SHIHLIN - BREAKER', 8, '2025-02-07 07:27:22', '2025-02-10 02:37:17'),
(927, 'ABN 103C - 3050', 'MCCB - ABN 103 C - 50AT,3P', 'LS- BREAKER', 0, '2025-02-07 07:28:25', '2025-02-07 07:36:43'),
(928, 'ABN 103C - 3040', 'MCCB - ABN 103C -40AT, 3P', 'LS - BREAKER', 0, '2025-02-07 07:29:31', '2025-02-07 07:34:23'),
(929, 'ABN 102C - 2040', 'MCCB - ABN 102C - 40AT, 2P', 'LS - BREAKER', 1, '2025-02-07 07:30:17', '2025-02-10 02:41:22'),
(930, 'BF52A - 2040', 'MCCB- BF52A - 40AT,2P', 'LS - BREAKER', 18, '2025-02-07 07:30:54', '2025-02-10 02:42:00'),
(931, 'BF52A- 2030', 'MCCB - BF52A - 30AT, 2P', 'LS - BREAKER', 0, '2025-02-07 07:31:40', '2025-02-07 07:37:31'),
(932, 'BKN - 2016', 'MCCB - BKN- 16AT, 2P', 'LS BREAKER', 1, '2025-02-07 07:32:24', '2025-02-10 02:43:46'),
(933, 'WB1 - 2025', 'MCCB -  WB1- 25AT, 2P', 'CHINT BREAKER', 8, '2025-02-07 07:33:21', '2025-02-10 02:46:27'),
(934, 'AC- 54000', 'AMMETER - AC - 4000/ 5A', 'YOKAYAMA', 4, '2025-02-07 07:38:38', '2025-02-10 03:04:48'),
(935, 'AC- 52000', 'AMMETER - AC - 2000/ 5A', 'YOKOYAMA', 0, '2025-02-07 07:39:35', '2025-02-07 07:39:35'),
(936, 'AC - 51200', 'AMMETER - AC - 1200/5A', 'YOKOYAMA', 0, '2025-02-07 07:40:18', '2025-02-07 07:40:18'),
(937, 'AC- 51600', 'AMMETER - AC - 1600/5A', 'YOKOYAMA', 1, '2025-02-07 07:41:08', '2025-02-10 02:58:00'),
(938, 'AC- 51000', 'AMMETER - AC - 1000/5A', 'YOKOYAMA', 1, '2025-02-07 07:41:56', '2025-02-10 02:58:24'),
(939, 'AC- 5800', 'AMMETER - AC - 800/5A', 'YOKOYAMA', 1, '2025-02-07 07:42:39', '2025-02-10 02:58:50'),
(940, 'AC - 56000', 'AMMETER - AC - 6000/5A', 'YOKOYAMA', 0, '2025-02-07 07:43:27', '2025-02-07 07:43:27'),
(941, 'AC- 5500', 'AMMETER- AC- 500/5A', 'YOKOYAMA', 0, '2025-02-07 07:44:10', '2025-02-07 07:44:10'),
(942, 'AC-5400', 'AMMETER- AC- 400/5A', 'YOKOYAMA', 5, '2025-02-07 07:44:42', '2025-02-10 03:02:42'),
(943, 'AC- 5300', 'AMMETER - AC - 300/5A', 'YOKOYAMA', 3, '2025-02-07 07:45:10', '2025-02-10 03:03:53'),
(944, 'AC- 5250', 'AMMETER- AC- 250/5A', 'YOKOYAMA', 1, '2025-02-07 07:45:38', '2025-02-10 03:05:23'),
(945, 'V- 600V', 'VOLTMETER - 600V', 'YOKOYAMA', 0, '2025-02-07 07:46:12', '2025-02-07 07:46:12'),
(946, 'V- 300V ', 'VOLTMETER - 300V', 'YOKOYAMA', 0, '2025-02-07 07:47:58', '2025-02-07 07:47:58'),
(947, 'SW- CA- 34', 'SELECTOR SWITCH - CA- 34', 'CAMSCO', 6, '2025-02-07 07:48:33', '2025-02-10 03:09:58'),
(948, 'SW- CA- 33', 'SELECTOR SWITCH - CA- 33', 'CAMSCO', 4, '2025-02-07 07:49:11', '2025-02-10 03:11:25'),
(949, 'SW- CV- 34', 'SELECTOR SWITCH - CV- 34', 'CAMSCO', 2, '2025-02-07 07:49:57', '2025-02-10 03:11:50'),
(950, 'SW- CV- 33', 'SELECTOR SWITCH - CV - 34', 'CAMSCO', 4, '2025-02-07 07:50:42', '2025-02-10 03:12:26'),
(951, 'SW- CV- 34- 20660', 'SELECTOR SWITCH - CV- 34 - 20A/660V', 'W!XIM', 0, '2025-02-07 07:51:57', '2025-02-07 07:51:57'),
(952, 'SW-CA- 20660', 'SELECTOR SWITCH - 20A/660V', 'W!XIM', 0, '2025-02-07 07:52:36', '2025-02-07 07:52:36'),
(953, 'BROWN POLY', 'BROWN POLY', 'BROWN POLY', 9, '2025-02-07 07:53:05', '2025-02-10 03:18:23'),
(954, 'D- A19  W/KEY', 'DOORLOCK - A19 W/ KEY', 'DOORLOCK', 21, '2025-02-07 07:53:47', '2025-02-10 03:18:55'),
(955, '3R HC , HL011', '3R HINGES, CONCEALED / HL011', '3R HINGES', 27, '2025-02-07 07:54:52', '2025-02-10 03:19:25'),
(956, 'PH - HL020', 'PH- HLO20', 'POWER HINGES', 194, '2025-02-07 07:55:29', '2025-02-10 03:19:56'),
(957, 'S - MS480', 'SWINGLOCK - MS480', 'SWINGLOCK', 28, '2025-02-07 07:56:22', '2025-02-11 03:12:30'),
(958, 'H, HL003', 'HINGES, HL300', 'HINGES', 58, '2025-02-07 07:56:50', '2025-02-11 03:13:46'),
(959, 'P- MS603', 'PUSHLOCK - MS603', 'PUSHLOCK', 39, '2025-02-07 07:57:18', '2025-02-11 03:15:00'),
(960, 'UNIGEAR BOX , MAGNET', 'UNIGEAR BOX , MAGNET', 'UNIGEAR BOX , MAGNET', 39, '2025-02-07 07:57:53', '2025-02-11 03:16:58'),
(961, 'TF WIRE - 0.75mm2', 'TF WIRE - 0.75mm2', 'PHILFLEX', 0, '2025-02-07 08:01:35', '2025-02-07 08:01:35'),
(962, 'I.P - RED, 220V', 'INDICATOR - RED- 220V', 'INIDACATOR / PILOT LIGHT', 19, '2025-02-07 08:02:55', '2025-02-11 03:19:49'),
(963, 'I.P - RED, 440V ', 'INDICATOR L- RED, 440V', 'INDICATOR LIGHT / PILOT', 31, '2025-02-07 08:04:28', '2025-02-11 03:20:20'),
(964, 'I.P - GREEN - 220V ', 'INDICATOR L- GREEN - 220V', 'INDICATOR LIGHT / PILOT', 18, '2025-02-07 08:05:23', '2025-02-11 03:20:46'),
(965, 'I.P -GREEN , 440V', 'INDICATOR L- 440V', 'INDICATIOR LIGHT / PILOT', 7, '2025-02-07 08:06:24', '2025-02-11 03:21:08'),
(966, 'I.P - YELLOW , 220V', 'INDICATOR L - 220V', 'INDICATOR LIGHT / PILOT', 8, '2025-02-07 08:07:34', '2025-02-11 03:21:35'),
(967, 'I.P - BLUE , 440V', 'INDICATOR L- BLUE , 440V', 'INDICATOR LIGHT / PILOT', 2, '2025-02-07 08:08:30', '2025-02-11 03:21:57'),
(968, 'CL - LONG B. - 250MM', 'CRIMPING LUGS - LONG B. - 250MM', 'ZOLEX', 59, '2025-02-07 08:09:30', '2025-02-11 03:25:11'),
(969, 'CL- SHORT B. - 250MM', 'CRIMPING LUGS - SHORT B. -250MM', 'ZOLEX', 0, '2025-02-07 08:10:38', '2025-02-07 08:10:38'),
(970, 'CL - 150MM - SHORT BARREL ', 'CRIMPING L- 150MM- SHORT BARREL', 'ZOLEX', 29, '2025-02-07 08:12:45', '2025-02-11 03:32:21'),
(971, 'CL- 150- LONG BARREL', 'CRIMPING L- 150 LONG BARREL', 'ZOLEX', 0, '2025-02-07 08:13:37', '2025-02-07 08:13:37'),
(972, 'CL - 175MM- SHORT BARREL', 'CRIMPING L-175MM SHORT BARREL', 'ZOLEX', 1, '2025-02-07 08:14:29', '2025-02-11 03:34:00'),
(973, 'CL- 125MM-  SHORT BARREL', 'CRIMPING L- 125MM- SHORT BARREL', 'ZOLEX', 11, '2025-02-07 08:15:22', '2025-02-11 03:34:32'),
(974, 'CL- 125MM- LONG BARREL', 'CRIMPING L- 125MM- LONG BARREL', 'ZOLEX', 1, '2025-02-07 08:16:03', '2025-02-11 03:34:55'),
(975, 'CL- 100MM- SHORT BARREL', 'CRIMPING L- 100MM SHORT BARREL', 'ZOLEX', 23, '2025-02-07 08:16:37', '2025-02-11 03:35:18'),
(976, 'CL- 100MM- LONG BARREL', 'CRIMPINGL- 100MM LONG BARREL', 'ZOLEX', 10, '2025-02-07 08:17:28', '2025-02-11 03:35:45'),
(977, 'CL - 80MM - SHORT BARREL', 'CRIMPING L- 80MM SHORT BARREL', 'ZOLEX', 0, '2025-02-07 08:18:16', '2025-02-07 08:18:16'),
(978, 'CL- 80MM- SHORT BARREL', 'CRIMPING L- 80MM SHORT BARREL', 'ZOLEX', 4, '2025-02-07 08:18:54', '2025-02-11 03:36:17'),
(979, 'CL- 80MM- LONG BARREL', 'CRIMPING L- 80MM LONG BARREL', 'ZOLEX', 23, '2025-02-07 08:20:53', '2025-02-11 03:46:13'),
(980, 'CL- 60MM - SHORT BARREL', 'CRIMPING L- 60MM - SHORT BARREL', 'ZOLEX', 3, '2025-02-07 08:21:39', '2025-02-11 03:45:42'),
(981, 'CL- 60MM - LONG BARREL', 'CRIMPING L- 60MM- LONG BARRE', 'ZOLEX', 0, '2025-02-07 08:22:12', '2025-02-07 08:22:12'),
(982, 'CL-50MM - SHORT BARREL', 'CRIMPING L- 50MM - S-BARREL', 'ZOLEX', 1, '2025-02-07 08:22:58', '2025-02-11 03:46:47'),
(983, 'CL- 50MM- L-BARREL', 'CRIMPING L- 50MM L- BARREL', 'ZOLEX', 0, '2025-02-07 08:23:38', '2025-02-07 08:23:38'),
(984, 'CL- 38MM- S- BARREL', 'CRIMPING L- 38MM- S-BARREL', 'ZOLEX', 6, '2025-02-07 08:29:52', '2025-02-11 03:54:12'),
(985, 'CL - 38MM- L- BARREL', 'CRIMPING L- 38MM - L BARREL', 'ZOLEX', 6, '2025-02-07 08:31:01', '2025-02-11 03:54:38'),
(986, 'CL- 30MM- S-BARREL', 'CRIMPING L- 30MM - S- BARREL', 'ZOLEX', 0, '2025-02-07 08:31:40', '2025-02-07 08:31:40'),
(987, 'CL- 14MM- S- BARREL', 'CRIMPING L- 14MM- S- BARREL', 'ZOLEX', 3, '2025-02-07 08:32:56', '2025-02-11 03:56:42'),
(988, 'CL-8.0MM- S- BARREL', 'CRIMPIMG L- 8.0MM- S- BARREL', 'ZOLEX', 0, '2025-02-07 08:33:58', '2025-02-07 08:33:58'),
(989, 'CL- 8.0MM - L- BARREL', 'CRIMPING L - 8.0MM- L- BARREL', 'ZOLEX', 0, '2025-02-07 08:34:38', '2025-02-07 08:34:38'),
(990, 'CL - 5.5MM, RING TYPE', 'CRIMPING LUGS 5.5, RING TYPE', 'ZOLEX', 81, '2025-02-07 08:36:24', '2025-02-11 05:31:16'),
(991, 'CL - Y-TYPE ( RED ), SVI, 25', 'CRIMPING L- Y- TYPE ( RED ), SVI, 25', 'ZOLEX', 0, '2025-02-07 08:37:33', '2025-02-07 08:37:33'),
(992, 'CL- Y-TYPE - ( RED ) , MGSVI, 25', 'CRIMPING L - Y- TYPE - ( RED) , MGSVI, 25', 'ZOLEX', 3, '2025-02-07 08:38:59', '2025-02-11 05:32:38'),
(993, 'C- TM- 25', 'CABLE TIE MOUNT - TM - 25', 'W!XIM', 8, '2025-02-07 08:40:57', '2025-02-12 01:36:11'),
(994, 'SPIRAL - SWB-12', 'SPIRAL , SWB -12', 'IRTECH', 8, '2025-02-07 08:41:59', '2025-02-12 01:36:48'),
(995, 'SPIRAL - SWB- 15 ', 'SPIRAL - SWB-15', 'IRTECH', 5, '2025-02-07 08:43:02', '2025-02-12 01:37:13'),
(996, 'CT, 5''''( 3 x 120mm)', 'CABLE TIE , 5''''( 3 x 120MM)', 'W!XIM', 1, '2025-02-07 08:47:13', '2025-02-12 01:59:10'),
(997, 'CM - #1', 'CABLE MARKER - #1', 'WRING  MARKING SERIES ( CABLE MARKER )', 100, '2025-02-07 08:48:23', '2025-02-12 01:38:34'),
(998, 'CM - #2', 'CABLE MARKER - #2', 'WRING MARKING SERIES', 200, '2025-02-07 08:49:17', '2025-02-12 01:39:01'),
(999, 'CM - #3 ', 'CABLE MARKER - #3', 'WRING MARKING SERIES', 2000, '2025-02-07 08:50:11', '2025-02-12 01:39:53'),
(1000, 'CM - #4', 'CABLE MARKER - #4', 'WRING MARKING SERIES', 0, '2025-02-07 09:08:13', '2025-02-07 09:08:13'),
(1001, 'CM- #5', 'CABLE MARKER #5', 'WRING MARKING SERIES', 1000, '2025-02-07 09:14:00', '2025-02-12 01:40:14'),
(1002, 'CM- LETTER - G', 'CABLE MARKER - LETTER - G', 'KAGA', 1000, '2025-02-07 09:14:47', '2025-02-12 01:40:38'),
(1003, 'CM - LETTER - N', 'CABLE MARKER - LETTER -N', 'KAGA', 2000, '2025-02-07 09:15:34', '2025-02-12 01:41:14'),
(1004, 'CM- LETTER- T', 'CABLE MARKER - LETTER - T', 'KAGA', 1000, '2025-02-07 09:16:10', '2025-02-12 01:41:44'),
(1005, 'CM- LETTER - U', 'CABLE MARKER - LETTER - U', 'KAGA', 1000, '2025-02-07 09:17:37', '2025-02-12 01:42:18'),
(1006, 'CM - LETTER - V', 'CABLE MARKER - LETTER - V ', 'KAGA', 1000, '2025-02-07 09:18:09', '2025-02-12 01:42:53'),
(1007, 'CM- LETTER - W', 'CABLE MARKER -  LETTER - W', 'KAGA', 1000, '2025-02-07 09:18:52', '2025-02-12 01:43:21'),
(1008, 'AC- 5600', 'AC - 600/5A', 'YOKOYAMA', 1, '2025-02-10 03:01:04', '2025-02-10 03:01:39'),
(1009, 'CL- SHORT B- 250MM', 'CRIMPING L- SHORT B - 250MM', 'ZOLEX', 4, '2025-02-11 03:28:13', '2025-02-11 03:28:39'),
(1010, 'CL- LONG / SHORT B- 200MM', 'CRIMPING LUGS - LONG/ SHORT B- 200MM', 'ZOLEX', 0, '2025-02-11 03:30:48', '2025-02-11 03:30:48'),
(1011, 'CL - 22MM', 'CRIMPING LUGS - 22MM', 'ZOLEX', 0, '2025-02-11 03:56:01', '2025-02-11 03:56:01'),
(1012, 'P.A- IAPU334/ 4200V', 'AC- IAPU334/200- 400V', 'YOKOYAMA', 0, '2025-02-12 02:34:33', '2025-02-12 02:34:33'),
(1013, 'PSM- IPU331/220-2230V', 'IPU331/ 220- 230V', 'YOKOYAMA', 0, '2025-02-12 02:35:36', '2025-02-12 02:35:36'),
(1014, 'PSM- IPU332/380-400V', 'IPU332/ 380- 400V', 'YOKOYAMA', 0, '2025-02-12 02:36:34', '2025-02-12 02:36:34');

-- --------------------------------------------------------

--
-- Table structure for table `sessions`
--

CREATE TABLE `sessions` (
  `session_id` varchar(40) NOT NULL DEFAULT '0',
  `ip_address` varchar(16) NOT NULL DEFAULT '0',
  `user_agent` varchar(120) NOT NULL,
  `last_activity` int(10) UNSIGNED NOT NULL DEFAULT '0',
  `user_data` text NOT NULL
) ENGINE=InnoDB DEFAULT CHARSET=latin1;

--
-- Dumping data for table `sessions`
--

INSERT INTO `sessions` (`session_id`, `ip_address`, `user_agent`, `last_activity`, `user_data`) VALUES
('262ed206690c8ffa8c0880853ab67ce2', '0.0.0.0', 'Mozilla/5.0 (Windows NT 10.0; Win64; x64) AppleWebKit/537.36 (KHTML, like Gecko) Chrome/60.0.3112.101 Safari/537.36', 1504186814, ''),
('49e9e36170db732c7314cb317b3c899e', '0.0.0.0', 'Mozilla/5.0 (Windows NT 10.0; Win64; x64) AppleWebKit/537.36 (KHTML, like Gecko) Chrome/60.0.3112.101 Safari/537.36', 1504187151, ''),
('4b6baa8cbc478d7e38395c0d7a3fc212', '0.0.0.0', 'Mozilla/5.0 (Windows NT 10.0; Win64; x64) AppleWebKit/537.36 (KHTML, like Gecko) Chrome/60.0.3112.113 Safari/537.36', 1504186981, 'a:5:{s:9:"user_data";s:0:"";s:10:"admin_nama";s:13:"Administrator";s:10:"admin_user";s:5:"admin";s:11:"admin_level";s:1:"1";s:9:"logged_in";b:1;}'),
('648fe333a5f0d3d2515f2a2711e1751c', '0.0.0.0', 'Mozilla/5.0 (Windows NT 10.0; Win64; x64) AppleWebKit/537.36 (KHTML, like Gecko) Chrome/66.0.3359.181 Safari/537.36', 1532611686, ''),
('8f90fd01811f1c4f981059b36f932233', '0.0.0.0', 'Mozilla/5.0 (Windows NT 10.0; Win64; x64) AppleWebKit/537.36 (KHTML, like Gecko) Chrome/60.0.3112.113 Safari/537.36', 1504186981, ''),
('9f4279bb252307cbf1d9f5d87bf88a9c', '0.0.0.0', 'Mozilla/5.0 (Windows NT 10.0; Win64; x64) AppleWebKit/537.36 (KHTML, like Gecko) Chrome/60.0.3112.101 Safari/537.36', 1504186691, ''),
('aa0a60fa0dba1e30487cce20443ba358', '0.0.0.0', 'Mozilla/5.0 (Windows NT 10.0; Win64; x64) AppleWebKit/537.36 (KHTML, like Gecko) Chrome/66.0.3359.181 Safari/537.36', 1532679275, ''),
('aa8fa7618237d5f7cb131b5777a1e564', '0.0.0.0', 'Mozilla/5.0 (Windows NT 10.0; Win64; x64) AppleWebKit/537.36 (KHTML, like Gecko) Chrome/60.0.3112.101 Safari/537.36', 1504187079, ''),
('e3deff5ffd5e90e5ba3deef2c0681ff4', '0.0.0.0', 'Mozilla/5.0 (Windows NT 10.0; Win64; x64) AppleWebKit/537.36 (KHTML, like Gecko) Chrome/60.0.3112.113 Safari/537.36', 1504187005, 'a:2:{s:9:"user_data";s:0:"";s:10:"admin_nama";s:13:"Administrator";}'),
('f622232dd0c9c866affa9648415588ab', '0.0.0.0', 'Mozilla/5.0 (Windows NT 10.0; Win64; x64) AppleWebKit/537.36 (KHTML, like Gecko) Chrome/60.0.3112.113 Safari/537.36', 1504187039, '');

-- --------------------------------------------------------

--
-- Table structure for table `supplier`
--

CREATE TABLE `supplier` (
  `id_supplier` int(11) NOT NULL,
  `nama_supplier` varchar(100) NOT NULL,
  `alamat_supplier` varchar(100) NOT NULL,
  `notelp_supplier` varchar(12) NOT NULL,
  `supplier_created` datetime NOT NULL DEFAULT CURRENT_TIMESTAMP,
  `supplier_updated` datetime NOT NULL DEFAULT CURRENT_TIMESTAMP ON UPDATE CURRENT_TIMESTAMP
) ENGINE=InnoDB DEFAULT CHARSET=latin1;

--
-- Dumping data for table `supplier`
--

INSERT INTO `supplier` (`id_supplier`, `nama_supplier`, `alamat_supplier`, `notelp_supplier`, `supplier_created`, `supplier_updated`) VALUES
(1, 'NEW BRIDGE ELECTRICAL ENTERPRISE', 'BACOLOD / PASIG CITY', '09175803702', '2022-01-18 18:39:24', '2025-01-30 05:39:27'),
(2, 'YU ENG KAO ELECTRICAL HARDWARE', '2209 ABAD SANTOS AVE MANILA CITY', '82512881', '2022-01-19 17:37:13', '2025-01-30 05:22:33'),
(3, 'JZ ELECTRICAL SUPPLY INC', '808 NICANOR PADILLA ST SAN MIGUEL MANILA CITY', '87359669', '2022-01-19 17:38:21', '2025-01-30 05:37:46'),
(4, 'HEXAGON MECHANELEC SYSTEM INC', 'QUEZON AVE QUEZON CITY', '8515528', '2022-01-19 17:39:31', '2025-01-30 05:16:26'),
(5, 'ATLAS CIRCUITS INC', '#64 DONA JUANA LUNA ST MUNOZ QUEZON CITY', '87274735', '2022-01-19 17:40:25', '2025-01-30 05:18:10'),
(6, 'FMIDC ', '837 MA CLARA ST BRGY PLAINVIEW MANDALUYONG CITY', '86355041', '2022-01-20 11:19:15', '2025-01-30 05:20:13'),
(7, 'SOY MEI MULTI SALES', '366 BT 9TH & 10TH AVE CALOOCAN  CITY', '83658101', '2022-06-13 09:14:41', '2025-01-30 05:21:26'),
(8, 'KEMA ENERGY SOLUTIONS INC', '2ND FLR BET 9TH & 10TH AVE CALOOCAN CITY', '83643649', '2025-01-28 07:37:38', '2025-01-30 05:17:22'),
(9, 'YEK YEU MDSE INC', '491 SAN FERNANDO ST BINONDO MANILA', '824243401', '2025-01-30 05:27:25', '2025-01-30 05:27:25'),
(10, 'RMR ELECTRIC CORP', '20 SUMULONG HIGHWAY MARIKINA CITY', '86817777', '2025-01-30 05:40:32', '2025-01-30 05:40:32'),
(11, 'RDJ INDUTRIAL CORP', '925 AURORA BLVD CUBAO QUEZON CITY', '892120585', '2025-01-30 05:50:45', '2025-01-30 06:00:10'),
(12, 'HENMAR VAULT SPECIALIST CORP', 'SANTA RITA GUIGINTO BULACAN', '6903096', '2025-01-30 05:58:55', '2025-01-30 05:58:55'),
(13, 'MAYTIPAN METAL CORP', '2603 JUAN LUNA ST MANILA CITY', '82538039', '2025-01-30 06:01:12', '2025-01-30 06:01:12'),
(14, 'SONIC INTERNATIONAL INC', '484 QUINTIN PAREDES RD BINONDO MANILA', '82417601', '2025-01-30 06:02:03', '2025-01-30 06:02:03'),
(15, 'LIMHUACO METAL INDUSTRIAL ', 'BENAVIDEZ ST 1251 RECTO  MANILA', '82520806', '2025-01-30 06:03:22', '2025-01-30 06:03:22'),
(16, 'HI TOP MERCHANDISING INC', '227 BIAK NA BATO QUEZON CITY', '9240420', '2025-01-30 06:04:46', '2025-01-30 06:04:46'),
(17, 'METAL RISE ENTERPRISE', '16 REPARO SD POTRERO MALABON CITY', '83647120', '2025-01-30 06:05:54', '2025-01-30 06:05:54'),
(18, 'SHEFA INDUSTRIAL INC', 'UNIT 1F ANGELES BLDG PATEROS MANILA', '83647120', '2025-01-30 06:06:48', '2025-01-30 06:06:48'),
(19, 'A&A MAQUINAS ', '345 D AMPIL ST STA MESA MANILA CITY', '82710240', '2025-01-30 06:07:38', '2025-01-30 06:07:38'),
(20, 'VALUE TECHNOLOGY DISTRIBUTION NETWORK', '1578 MAYHALIGUE ST STA CRUX MANILA', '87328088', '2025-01-30 06:08:40', '2025-01-30 06:08:40'),
(21, 'JUNVIER ELECTRICAL SUPPLY', '669 FLORENTINO ST SAMPALOC MANILA', '83138884', '2025-01-30 06:09:17', '2025-01-30 06:09:17'),
(22, 'KC INDUSTRIAL CORP', '1570 MAYHALGUE ST STA CRUZ MANILA', '87810071', '2025-01-30 06:10:13', '2025-01-30 06:10:13'),
(23, 'TYSON ELECTRIC INDUSTRIES INC', '685 TOMAS MAPUA ST STA CRUZ MANILA', '53102232', '2025-01-30 06:11:36', '2025-01-30 06:11:36'),
(24, 'TAYAN ELECTRICAL', '26 E JACINTO ST SAN JUAN CITY', '87255313', '2025-01-30 06:12:29', '2025-01-30 06:12:29'),
(25, 'PRISMA ELECTRICAL CONTROLS CORP', '682 FLORENTINO TOMAS MAPUA ST STA CRUZ MANILA', '87341095', '2025-01-30 06:13:14', '2025-01-30 06:13:14'),
(26, 'ELESOM ELECTRICAL', '665 TOMAS MAPUA ST STA CRUZ MANILA', '87338194', '2025-01-30 06:13:57', '2025-01-30 06:13:57'),
(27, 'SCREW CITY HARDWARE', '715 TOMAS MAPUA STA CRUZ MANILA', '85145141', '2025-01-30 06:14:59', '2025-01-30 06:14:59'),
(28, 'RAR BOLTS & NUTS', 'L 4 B 8 ZABARTE RD QUEZON CITY', '89627656', '2025-01-30 06:17:10', '2025-01-30 06:17:10'),
(29, 'SDC HARDWARE', 'ZABARTE RD QUEZON  CITY', '84755792', '2025-01-30 06:17:48', '2025-01-30 06:17:48'),
(30, 'EPSON METAL CORP', '610 OLD ZABARTE RD CAMARIN CALOOCAN CITY', '89627656', '2025-01-30 06:18:42', '2025-01-30 06:18:42'),
(31, 'SCALENE ENTERPRISE', 'HENON ST VALNZUELA CITY', '09618014657', '2025-01-30 06:19:29', '2025-01-30 06:19:29'),
(32, 'THE ALPS MDSG CORP', 'TINAGAN LALOMA ST QUEZON CITY', '86342149', '2025-01-30 06:20:21', '2025-01-30 06:20:21'),
(33, 'ASSET METAL MARKETING', '621 TOMAS MAPUA ST STA CRUZ MANILA ', '87345097', '2025-01-30 06:20:58', '2025-01-30 06:20:58'),
(34, 'ANGLINCO SONS & MARKETING ', '483 SAN FERNANDO ST BINONDO MANILA', '82419780', '2025-01-30 06:21:47', '2025-01-30 06:21:47');

-- --------------------------------------------------------

--
-- Table structure for table `transaksi_barang`
--

CREATE TABLE `transaksi_barang` (
  `id_transaksi` int(11) NOT NULL,
  `jumlah` int(11) DEFAULT NULL,
  `job_order` int(11) NOT NULL,
  `tanggal_transaksi` timestamp NULL DEFAULT CURRENT_TIMESTAMP ON UPDATE CURRENT_TIMESTAMP,
  `transaksi_updated` datetime NOT NULL DEFAULT CURRENT_TIMESTAMP ON UPDATE CURRENT_TIMESTAMP,
  `status_pergerakan` char(1) NOT NULL COMMENT 'pergerakan barang masuk = 1 atau keluar = 2',
  `id_barang` int(11) NOT NULL,
  `admin_user` varchar(119) NOT NULL,
  `id_supplier` int(11) NOT NULL,
  `id_customer` int(11) NOT NULL
) ENGINE=MyISAM DEFAULT CHARSET=latin1;

--
-- Dumping data for table `transaksi_barang`
--

INSERT INTO `transaksi_barang` (`id_transaksi`, `jumlah`, `job_order`, `tanggal_transaksi`, `transaksi_updated`, `status_pergerakan`, `id_barang`, `admin_user`, `id_supplier`, `id_customer`) VALUES
(76, 21, 0, '2025-02-06 06:26:31', '2025-02-06 06:26:31', '1', 680, 'admin', 28, 0),
(77, 12, 0, '2025-02-06 06:27:02', '2025-02-06 06:27:02', '1', 679, 'admin', 28, 0),
(79, 16, 0, '2025-02-06 06:29:36', '2025-02-06 06:29:36', '1', 678, 'admin', 28, 0),
(63, 9, 0, '2025-02-03 06:52:23', '2025-02-03 06:52:23', '1', 327, 'admin', 4, 0),
(64, 3, 0, '2025-02-04 03:39:37', '2025-02-04 03:39:37', '1', 480, 'admin', 5, 0),
(65, 31, 0, '2025-02-06 03:31:24', '2025-02-06 03:31:24', '1', 736, 'admin', 4, 0),
(66, 2, 0, '2025-02-06 06:14:59', '2025-02-06 06:14:59', '1', 751, 'admin', 29, 0),
(67, 4, 0, '2025-02-06 06:16:24', '2025-02-06 06:16:24', '1', 746, 'admin', 29, 0),
(68, 2, 0, '2025-02-06 06:20:59', '2025-02-06 06:20:59', '1', 676, 'admin', 28, 0),
(70, 0, 0, '2025-02-06 06:21:51', '2025-02-06 06:21:51', '1', 675, 'admin', 34, 0),
(71, 11, 0, '2025-02-06 06:22:25', '2025-02-06 06:22:25', '1', 671, 'admin', 28, 0),
(72, 5, 0, '2025-02-06 06:22:49', '2025-02-06 06:22:49', '1', 670, 'admin', 34, 0),
(73, 12, 0, '2025-02-06 06:23:27', '2025-02-06 06:23:27', '1', 672, 'admin', 28, 0),
(74, 7, 0, '2025-02-06 06:23:51', '2025-02-06 06:23:51', '1', 673, 'admin', 28, 0),
(75, 8, 0, '2025-02-06 06:24:23', '2025-02-06 06:24:23', '1', 674, 'admin', 28, 0),
(80, 12, 0, '2025-02-06 06:30:16', '2025-02-06 06:30:16', '1', 677, 'admin', 28, 0),
(81, 14, 0, '2025-02-06 06:33:23', '2025-02-06 06:33:23', '1', 681, 'admin', 28, 0),
(82, 5, 0, '2025-02-06 06:33:51', '2025-02-06 06:33:51', '1', 682, 'admin', 28, 0),
(83, 0, 0, '2025-02-06 06:34:36', '2025-02-06 06:34:36', '1', 683, 'admin', 28, 0),
(84, 17, 0, '2025-02-06 06:35:17', '2025-02-06 06:35:17', '1', 684, 'admin', 28, 0),
(86, 3, 0, '2025-02-06 06:38:39', '2025-02-06 06:38:39', '1', 750, 'admin', 28, 0),
(87, 4, 0, '2025-02-06 06:45:07', '2025-02-06 06:45:07', '1', 736, 'admin', 6, 0),
(88, 2, 0, '2025-02-06 07:29:49', '2025-02-06 07:29:49', '1', 757, 'admin', 34, 0),
(89, 8, 0, '2025-02-06 07:33:00', '2025-02-06 07:33:00', '1', 758, 'admin', 34, 0),
(90, 2, 0, '2025-02-06 07:34:03', '2025-02-06 07:34:03', '1', 758, 'admin', 34, 0),
(119, 13, 0, '2025-02-06 08:36:36', '2025-02-06 08:36:36', '1', 784, 'admin', 4, 0),
(96, 0, 0, '2025-02-06 07:46:25', '2025-02-06 07:46:25', '1', 763, 'admin', 4, 0),
(94, 2, 0, '2025-02-06 07:44:50', '2025-02-06 07:44:50', '1', 762, 'admin', 6, 0),
(95, 1, 0, '2025-02-06 07:45:16', '2025-02-06 07:45:16', '1', 762, 'admin', 6, 0),
(102, 0, 0, '2025-02-06 07:55:57', '2025-02-06 07:55:57', '1', 767, 'admin', 4, 0),
(101, 0, 0, '2025-02-06 07:55:33', '2025-02-06 07:55:33', '1', 767, 'admin', 4, 0),
(100, 1, 0, '2025-02-06 07:49:44', '2025-02-06 07:49:44', '1', 765, 'admin', 4, 0),
(103, 4, 0, '2025-02-06 07:57:05', '2025-02-06 07:57:05', '1', 768, 'admin', 4, 0),
(104, 0, 0, '2025-02-06 08:02:22', '2025-02-06 08:02:22', '1', 769, 'admin', 7, 0),
(105, 0, 0, '2025-02-06 08:03:01', '2025-02-06 08:03:01', '1', 770, 'admin', 7, 0),
(106, 0, 0, '2025-02-06 08:03:16', '2025-02-06 08:03:16', '1', 771, 'admin', 7, 0),
(107, 0, 0, '2025-02-06 08:03:36', '2025-02-06 08:03:36', '1', 772, 'admin', 7, 0),
(108, 0, 0, '2025-02-06 08:04:00', '2025-02-06 08:04:00', '1', 773, 'admin', 7, 0),
(109, 0, 0, '2025-02-06 08:18:49', '2025-02-06 08:18:49', '1', 774, 'admin', 7, 0),
(112, 4, 0, '2025-02-06 08:20:29', '2025-02-06 08:20:29', '1', 777, 'admin', 4, 0),
(111, 0, 0, '2025-02-06 08:19:49', '2025-02-06 08:19:49', '1', 775, 'admin', 7, 0),
(113, 2, 0, '2025-02-06 08:21:01', '2025-02-06 08:21:01', '1', 778, 'admin', 4, 0),
(114, 2, 0, '2025-02-06 08:21:23', '2025-02-06 08:21:23', '1', 779, 'admin', 4, 0),
(115, 3, 0, '2025-02-06 08:25:18', '2025-02-06 08:25:18', '1', 780, 'admin', 4, 0),
(116, 0, 0, '2025-02-06 08:25:38', '2025-02-06 08:25:38', '1', 781, 'admin', 4, 0),
(117, 3, 0, '2025-02-06 08:25:58', '2025-02-06 08:25:58', '1', 782, 'admin', 4, 0),
(118, 2, 0, '2025-02-06 08:26:12', '2025-02-06 08:26:12', '1', 783, 'admin', 4, 0),
(120, 2, 0, '2025-02-06 08:36:59', '2025-02-06 08:36:59', '1', 785, 'admin', 4, 0),
(121, 1, 0, '2025-02-06 08:37:16', '2025-02-06 08:37:16', '1', 786, 'admin', 4, 0),
(122, 13, 0, '2025-02-06 08:37:48', '2025-02-06 08:37:48', '1', 787, 'admin', 34, 0),
(123, 1, 0, '2025-02-06 08:38:09', '2025-02-06 08:38:09', '1', 788, 'admin', 4, 0),
(124, 0, 0, '2025-02-06 08:38:30', '2025-02-06 08:38:30', '1', 789, 'admin', 4, 0),
(125, 0, 0, '2025-02-06 08:38:58', '2025-02-06 08:38:58', '1', 790, 'admin', 4, 0),
(126, 3, 0, '2025-02-06 08:57:33', '2025-02-06 08:57:33', '1', 791, 'admin', 4, 0),
(127, 1, 0, '2025-02-06 08:57:57', '2025-02-06 08:57:57', '1', 792, 'admin', 4, 0),
(128, 1, 0, '2025-02-06 08:58:37', '2025-02-06 08:58:37', '1', 793, 'admin', 4, 0),
(129, 1, 0, '2025-02-06 08:59:01', '2025-02-06 08:59:01', '1', 794, 'admin', 4, 0),
(130, 1, 0, '2025-02-06 08:59:34', '2025-02-06 08:59:34', '1', 795, 'admin', 4, 0),
(131, 1, 0, '2025-02-06 08:59:53', '2025-02-06 08:59:53', '1', 796, 'admin', 4, 0),
(132, 0, 0, '2025-02-06 09:00:18', '2025-02-06 09:00:18', '1', 797, 'admin', 7, 0),
(133, 2, 0, '2025-02-06 09:00:48', '2025-02-06 09:00:48', '1', 798, 'admin', 4, 0),
(134, 0, 0, '2025-02-06 09:02:11', '2025-02-06 09:02:11', '1', 799, 'admin', 4, 0),
(135, 0, 0, '2025-02-06 09:02:25', '2025-02-06 09:02:25', '1', 800, 'admin', 4, 0),
(136, 0, 0, '2025-02-06 09:02:46', '2025-02-06 09:02:46', '1', 801, 'admin', 4, 0),
(137, 15, 0, '2025-02-07 00:38:30', '2025-02-07 00:38:30', '1', 802, 'admin', 4, 0),
(138, 52, 0, '2025-02-07 00:38:50', '2025-02-07 00:38:50', '1', 803, 'admin', 4, 0),
(139, 5, 0, '2025-02-07 00:39:11', '2025-02-07 00:39:11', '1', 804, 'admin', 4, 0),
(140, 1, 0, '2025-02-07 00:39:34', '2025-02-07 00:39:34', '1', 805, 'admin', 4, 0),
(141, 6, 0, '2025-02-07 00:39:59', '2025-02-07 00:39:59', '1', 806, 'admin', 4, 0),
(142, 3, 0, '2025-02-07 00:40:35', '2025-02-07 00:40:35', '1', 807, 'admin', 4, 0),
(143, 1, 0, '2025-02-07 00:41:43', '2025-02-07 00:41:43', '1', 808, 'admin', 4, 0),
(144, 1, 0, '2025-02-07 00:42:00', '2025-02-07 00:42:00', '1', 809, 'admin', 4, 0),
(145, 6, 0, '2025-02-07 00:42:18', '2025-02-07 00:42:18', '1', 810, 'admin', 4, 0),
(146, 1, 0, '2025-02-07 00:48:11', '2025-02-07 00:48:11', '1', 811, 'admin', 4, 0),
(147, 3, 0, '2025-02-07 00:48:29', '2025-02-07 00:48:29', '1', 812, 'admin', 4, 0),
(148, 0, 0, '2025-02-07 01:33:37', '2025-02-07 01:33:37', '1', 813, 'admin', 5, 0),
(149, 1, 0, '2025-02-07 01:42:11', '2025-02-07 01:42:11', '1', 814, 'admin', 5, 0),
(150, 1, 0, '2025-02-07 01:43:01', '2025-02-07 01:43:01', '1', 815, 'admin', 5, 0),
(151, 0, 0, '2025-02-07 01:45:06', '2025-02-07 01:45:06', '1', 816, 'admin', 5, 0),
(152, 3, 0, '2025-02-07 01:45:36', '2025-02-07 01:45:36', '1', 817, 'admin', 5, 0),
(153, 1, 0, '2025-02-07 01:46:12', '2025-02-07 01:46:12', '1', 818, 'admin', 5, 0),
(154, 2, 0, '2025-02-07 02:21:00', '2025-02-07 02:21:00', '1', 819, 'admin', 5, 0),
(155, 1, 0, '2025-02-07 02:21:41', '2025-02-07 02:21:41', '1', 820, 'admin', 5, 0),
(156, 1, 0, '2025-02-07 02:30:16', '2025-02-07 02:30:16', '1', 822, 'admin', 5, 0),
(157, 5, 0, '2025-02-07 02:30:32', '2025-02-07 02:30:32', '1', 823, 'admin', 5, 0),
(158, 0, 0, '2025-02-07 02:30:58', '2025-02-07 02:30:58', '1', 824, 'admin', 5, 0),
(159, 1, 0, '2025-02-07 02:31:33', '2025-02-07 02:31:33', '1', 825, 'admin', 5, 0),
(160, 1, 0, '2025-02-07 02:31:55', '2025-02-07 02:31:55', '1', 826, 'admin', 5, 0),
(161, 8, 0, '2025-02-07 02:32:37', '2025-02-07 02:32:37', '1', 827, 'admin', 5, 0),
(163, 4, 0, '2025-02-07 02:33:56', '2025-02-07 02:33:56', '1', 828, 'admin', 5, 0),
(164, 15, 0, '2025-02-07 02:34:27', '2025-02-07 02:34:27', '1', 826, 'admin', 5, 0),
(165, 10, 0, '2025-02-07 02:35:05', '2025-02-07 02:35:05', '1', 830, 'admin', 5, 0),
(166, 34, 0, '2025-02-07 02:50:31', '2025-02-07 02:50:31', '1', 831, 'admin', 5, 0),
(167, 50, 0, '2025-02-07 02:51:16', '2025-02-07 02:51:16', '1', 832, 'admin', 5, 0),
(168, 1, 0, '2025-02-07 02:53:50', '2025-02-07 02:53:50', '1', 833, 'admin', 5, 0),
(169, 1, 0, '2025-02-07 02:54:13', '2025-02-07 02:54:13', '1', 834, 'admin', 5, 0),
(170, 0, 0, '2025-02-07 02:54:41', '2025-02-07 02:54:41', '1', 835, 'admin', 5, 0),
(171, 9, 0, '2025-02-07 02:55:24', '2025-02-07 02:55:24', '1', 836, 'admin', 5, 0),
(172, 2, 0, '2025-02-07 02:55:45', '2025-02-07 02:55:45', '1', 837, 'admin', 5, 0),
(173, 1, 0, '2025-02-07 02:56:12', '2025-02-07 02:56:12', '1', 839, 'admin', 5, 0),
(174, 1, 0, '2025-02-07 02:56:28', '2025-02-07 02:56:28', '1', 838, 'admin', 5, 0),
(175, 1, 0, '2025-02-07 02:57:32', '2025-02-07 02:57:32', '1', 840, 'admin', 5, 0),
(176, 4, 0, '2025-02-07 02:57:52', '2025-02-07 02:57:52', '1', 841, 'admin', 5, 0),
(177, 1, 0, '2025-02-07 02:58:11', '2025-02-07 02:58:11', '1', 842, 'admin', 5, 0),
(178, 13, 0, '2025-02-07 03:56:06', '2025-02-07 03:56:06', '1', 848, 'admin', 4, 0),
(179, 1, 0, '2025-02-07 03:56:45', '2025-02-07 03:56:45', '1', 849, 'admin', 4, 0),
(180, 1, 0, '2025-02-07 03:57:05', '2025-02-07 03:57:05', '1', 850, 'admin', 4, 0),
(183, 2, 0, '2025-02-07 03:58:24', '2025-02-07 03:58:24', '1', 851, 'admin', 4, 0),
(184, 1, 0, '2025-02-07 03:58:46', '2025-02-07 03:58:46', '1', 852, 'admin', 4, 0),
(185, 8, 0, '2025-02-07 03:59:18', '2025-02-07 03:59:18', '1', 853, 'admin', 4, 0),
(186, 0, 0, '2025-02-07 03:59:34', '2025-02-07 03:59:34', '1', 854, 'admin', 4, 0),
(187, 2, 0, '2025-02-07 03:59:54', '2025-02-07 03:59:54', '1', 856, 'admin', 4, 0),
(188, 2, 0, '2025-02-07 04:00:15', '2025-02-07 04:00:15', '1', 855, 'admin', 4, 0),
(189, 7, 0, '2025-02-07 04:01:22', '2025-02-07 04:01:22', '1', 857, 'admin', 4, 0),
(190, 10, 0, '2025-02-07 04:01:55', '2025-02-07 04:01:55', '1', 858, 'admin', 4, 0),
(191, 2, 0, '2025-02-07 04:02:19', '2025-02-07 04:02:19', '1', 859, 'admin', 4, 0),
(192, 4, 0, '2025-02-07 04:02:48', '2025-02-07 04:02:48', '1', 860, 'admin', 4, 0),
(193, 1, 0, '2025-02-07 04:03:10', '2025-02-07 04:03:10', '1', 861, 'admin', 4, 0),
(194, 1, 0, '2025-02-07 04:03:41', '2025-02-07 04:03:41', '1', 862, 'admin', 4, 0),
(195, 1, 0, '2025-02-07 04:04:02', '2025-02-07 04:04:02', '1', 864, 'admin', 4, 0),
(196, 1, 0, '2025-02-07 04:04:18', '2025-02-07 04:04:18', '1', 865, 'admin', 4, 0),
(197, 1, 0, '2025-02-07 04:04:35', '2025-02-07 04:04:35', '1', 866, 'admin', 4, 0),
(198, 1, 0, '2025-02-07 04:05:14', '2025-02-07 04:05:14', '1', 867, 'admin', 4, 0),
(199, 1, 0, '2025-02-07 04:05:40', '2025-02-07 04:05:40', '1', 868, 'admin', 4, 0),
(200, 2, 0, '2025-02-07 04:05:58', '2025-02-07 04:05:58', '1', 869, 'admin', 4, 0),
(201, 5, 0, '2025-02-07 04:06:12', '2025-02-07 04:06:12', '1', 870, 'admin', 4, 0),
(202, 5, 0, '2025-02-07 04:11:03', '2025-02-07 04:11:03', '1', 872, 'admin', 4, 0),
(203, 1, 0, '2025-02-07 04:11:39', '2025-02-07 04:11:39', '1', 871, 'admin', 4, 0),
(204, 1, 0, '2025-02-07 04:12:04', '2025-02-07 04:12:04', '1', 873, 'admin', 4, 0),
(205, 1, 0, '2025-02-07 04:12:23', '2025-02-07 04:12:23', '1', 874, 'admin', 4, 0),
(206, 1, 0, '2025-02-07 04:12:46', '2025-02-07 04:12:46', '1', 875, 'admin', 4, 0),
(207, 3, 0, '2025-02-07 04:13:10', '2025-02-07 04:13:10', '1', 876, 'admin', 4, 0),
(208, 2, 0, '2025-02-07 04:13:41', '2025-02-07 04:13:41', '1', 877, 'admin', 4, 0),
(209, 7, 0, '2025-02-07 04:14:02', '2025-02-07 04:14:02', '1', 878, 'admin', 4, 0),
(210, 1, 0, '2025-02-07 06:31:16', '2025-02-07 06:31:16', '1', 879, 'admin', 3, 0),
(211, 4, 0, '2025-02-07 06:31:39', '2025-02-07 06:31:39', '1', 880, 'admin', 3, 0),
(212, 0, 0, '2025-02-07 06:32:01', '2025-02-07 06:32:01', '1', 881, 'admin', 3, 0),
(213, 1, 0, '2025-02-07 06:32:19', '2025-02-07 06:32:19', '1', 882, 'admin', 3, 0),
(214, 1, 0, '2025-02-07 06:32:43', '2025-02-07 06:32:43', '1', 883, 'admin', 3, 0),
(215, 1, 0, '2025-02-07 06:33:57', '2025-02-07 06:33:57', '1', 884, 'admin', 3, 0),
(216, 5, 0, '2025-02-07 06:34:34', '2025-02-07 06:34:34', '1', 885, 'admin', 3, 0),
(217, 2, 0, '2025-02-07 06:35:28', '2025-02-07 06:35:28', '1', 886, 'admin', 3, 0),
(218, 2, 0, '2025-02-07 06:37:46', '2025-02-07 06:37:46', '1', 887, 'admin', 3, 0),
(219, 1, 0, '2025-02-07 06:40:15', '2025-02-07 06:40:15', '1', 889, 'admin', 3, 0),
(220, 2, 0, '2025-02-07 06:40:37', '2025-02-07 06:40:37', '1', 890, 'admin', 3, 0),
(221, 2, 0, '2025-02-07 06:41:27', '2025-02-07 06:41:27', '1', 891, 'admin', 3, 0),
(222, 2, 0, '2025-02-07 06:41:49', '2025-02-07 06:41:49', '1', 892, 'admin', 3, 0),
(223, 5, 0, '2025-02-07 06:42:11', '2025-02-07 06:42:11', '1', 893, 'admin', 3, 0),
(224, 93, 0, '2025-02-07 06:44:24', '2025-02-07 06:44:24', '1', 894, 'admin', 4, 0),
(225, 6, 0, '2025-02-07 06:44:44', '2025-02-07 06:44:44', '1', 895, 'admin', 4, 0),
(226, 29, 0, '2025-02-07 06:45:55', '2025-02-07 06:45:55', '1', 896, 'admin', 5, 0),
(227, 26, 0, '2025-02-07 06:46:28', '2025-02-07 06:46:28', '1', 897, 'admin', 5, 0),
(228, 17, 0, '2025-02-07 06:48:18', '2025-02-07 06:48:18', '1', 898, 'admin', 23, 0),
(229, 4, 0, '2025-02-07 06:48:59', '2025-02-07 06:48:59', '1', 899, 'admin', 5, 0),
(230, 7, 0, '2025-02-07 06:49:17', '2025-02-07 06:49:17', '1', 900, 'admin', 5, 0),
(231, 3, 0, '2025-02-07 06:49:40', '2025-02-07 06:49:40', '1', 901, 'admin', 5, 0),
(232, 1, 0, '2025-02-07 06:51:04', '2025-02-07 06:51:04', '1', 902, 'admin', 5, 0),
(233, 4, 0, '2025-02-07 06:51:28', '2025-02-07 06:51:28', '1', 903, 'admin', 5, 0),
(234, 3, 0, '2025-02-07 06:52:03', '2025-02-07 06:52:03', '1', 904, 'admin', 5, 0),
(236, 0, 0, '2025-02-07 06:52:50', '2025-02-07 06:52:50', '1', 905, 'admin', 5, 0),
(237, 1, 0, '2025-02-07 06:53:12', '2025-02-07 06:53:12', '1', 906, 'admin', 5, 0),
(238, 1, 0, '2025-02-07 06:53:32', '2025-02-07 06:53:32', '1', 907, 'admin', 5, 0),
(239, 3, 0, '2025-02-07 06:54:56', '2025-02-07 06:54:56', '1', 908, 'admin', 23, 0),
(240, 3, 0, '2025-02-07 06:55:14', '2025-02-07 06:55:14', '1', 909, 'admin', 23, 0),
(241, 1, 0, '2025-02-07 06:55:42', '2025-02-07 06:55:42', '1', 910, 'admin', 23, 0),
(242, 1, 0, '2025-02-07 06:56:04', '2025-02-07 06:56:04', '1', 911, 'admin', 23, 0),
(243, 0, 0, '2025-02-07 06:56:25', '2025-02-07 06:56:25', '1', 912, 'admin', 23, 0),
(244, 0, 0, '2025-02-07 06:56:56', '2025-02-07 06:56:56', '1', 913, 'admin', 23, 0),
(245, 0, 0, '2025-02-07 06:57:12', '2025-02-07 06:57:12', '1', 914, 'admin', 23, 0),
(246, 0, 0, '2025-02-07 06:57:26', '2025-02-07 06:57:26', '1', 915, 'admin', 23, 0),
(247, 2, 0, '2025-02-10 00:32:55', '2025-02-10 00:32:55', '1', 916, 'admin', 8, 0),
(248, 2, 0, '2025-02-10 00:36:39', '2025-02-10 00:36:39', '1', 487, 'admin', 8, 0),
(249, 3, 0, '2025-02-10 02:31:20', '2025-02-10 02:31:20', '1', 488, 'admin', 8, 0),
(250, 1, 0, '2025-02-10 02:31:53', '2025-02-10 02:31:53', '1', 489, 'admin', 8, 0),
(253, 3, 0, '2025-02-10 02:33:53', '2025-02-10 02:33:53', '1', 920, 'admin', 3, 0),
(254, 2, 0, '2025-02-10 02:34:20', '2025-02-10 02:34:20', '1', 921, 'admin', 3, 0),
(258, 1, 0, '2025-02-10 02:36:24', '2025-02-10 02:36:24', '1', 495, 'admin', 3, 0),
(256, 3, 0, '2025-02-10 02:35:08', '2025-02-10 02:35:08', '1', 923, 'admin', 3, 0),
(257, 7, 0, '2025-02-10 02:35:56', '2025-02-10 02:35:56', '1', 922, 'admin', 3, 0),
(259, 3, 0, '2025-02-10 02:36:55', '2025-02-10 02:36:55', '1', 924, 'admin', 3, 0),
(260, 8, 0, '2025-02-10 02:37:17', '2025-02-10 02:37:17', '1', 926, 'admin', 3, 0),
(261, 1, 0, '2025-02-10 02:40:15', '2025-02-10 02:40:15', '1', 497, 'admin', 2, 0),
(262, 1, 0, '2025-02-10 02:40:44', '2025-02-10 02:40:44', '1', 498, 'admin', 2, 0),
(263, 1, 0, '2025-02-10 02:41:22', '2025-02-10 02:41:22', '1', 929, 'admin', 2, 0),
(264, 18, 0, '2025-02-10 02:42:00', '2025-02-10 02:42:00', '1', 930, 'admin', 2, 0),
(265, 0, 0, '2025-02-10 02:43:26', '2025-02-10 02:43:26', '1', 931, 'admin', 2, 0),
(266, 1, 0, '2025-02-10 02:43:46', '2025-02-10 02:43:46', '1', 932, 'admin', 2, 0),
(267, 8, 0, '2025-02-10 02:46:27', '2025-02-10 02:46:27', '1', 933, 'admin', 22, 0),
(282, 4, 0, '2025-02-10 03:04:48', '2025-02-10 03:04:48', '1', 934, 'admin', 23, 0),
(273, 0, 0, '2025-02-10 02:57:16', '2025-02-10 02:57:16', '1', 935, 'admin', 23, 0),
(274, 1, 0, '2025-02-10 02:58:00', '2025-02-10 02:58:00', '1', 937, 'admin', 23, 0),
(275, 1, 0, '2025-02-10 02:58:24', '2025-02-10 02:58:24', '1', 938, 'admin', 23, 0),
(276, 1, 0, '2025-02-10 02:58:50', '2025-02-10 02:58:50', '1', 939, 'admin', 23, 0),
(277, 1, 0, '2025-02-10 03:01:39', '2025-02-10 03:01:39', '1', 1008, 'admin', 23, 0),
(278, 0, 0, '2025-02-10 03:02:06', '2025-02-10 03:02:06', '1', 941, 'admin', 33, 0),
(280, 0, 0, '2025-02-10 03:03:30', '2025-02-10 03:03:30', '1', 942, 'admin', 23, 0),
(281, 3, 0, '2025-02-10 03:03:53', '2025-02-10 03:03:53', '1', 943, 'admin', 23, 0),
(283, 1, 0, '2025-02-10 03:05:23', '2025-02-10 03:05:23', '1', 944, 'admin', 23, 0),
(284, 0, 0, '2025-02-10 03:08:11', '2025-02-10 03:08:11', '1', 268, 'admin', 23, 0),
(285, 0, 0, '2025-02-10 03:08:35', '2025-02-10 03:08:35', '1', 269, 'admin', 23, 0),
(286, 6, 0, '2025-02-10 03:09:58', '2025-02-10 03:09:58', '1', 947, 'admin', 23, 0),
(287, 4, 0, '2025-02-10 03:11:25', '2025-02-10 03:11:25', '1', 948, 'admin', 23, 0),
(288, 2, 0, '2025-02-10 03:11:50', '2025-02-10 03:11:50', '1', 949, 'admin', 23, 0),
(289, 4, 0, '2025-02-10 03:12:26', '2025-02-10 03:12:26', '1', 950, 'admin', 23, 0),
(291, 3, 0, '2025-02-10 03:13:50', '2025-02-10 03:13:50', '1', 522, 'admin', 23, 0),
(292, 3, 0, '2025-02-10 03:14:12', '2025-02-10 03:14:12', '1', 523, 'admin', 34, 0),
(293, 9, 0, '2025-02-10 03:18:23', '2025-02-10 03:18:23', '1', 953, 'admin', 22, 0),
(294, 21, 0, '2025-02-10 03:18:55', '2025-02-10 03:18:55', '1', 954, 'admin', 19, 0),
(295, 27, 0, '2025-02-10 03:19:25', '2025-02-10 03:19:25', '1', 955, 'admin', 19, 0),
(296, 194, 0, '2025-02-10 03:19:56', '2025-02-10 03:19:56', '1', 956, 'admin', 19, 0),
(299, 30, 0, '2025-02-11 03:13:46', '2025-02-11 03:13:46', '1', 958, 'admin', 19, 0),
(298, 28, 0, '2025-02-11 03:12:30', '2025-02-11 03:12:30', '1', 957, 'admin', 19, 0),
(300, 39, 0, '2025-02-11 03:15:00', '2025-02-11 03:15:00', '1', 959, 'admin', 19, 0),
(301, 39, 0, '2025-02-11 03:16:58', '2025-02-11 03:16:58', '1', 960, 'admin', 23, 0),
(302, 19, 0, '2025-02-11 03:19:49', '2025-02-11 03:19:49', '1', 962, 'admin', 24, 0),
(303, 31, 0, '2025-02-11 03:20:20', '2025-02-11 03:20:20', '1', 963, 'admin', 24, 0),
(304, 18, 0, '2025-02-11 03:20:46', '2025-02-11 03:20:46', '1', 964, 'admin', 24, 0),
(305, 7, 0, '2025-02-11 03:21:08', '2025-02-11 03:21:08', '1', 965, 'admin', 24, 0),
(306, 8, 0, '2025-02-11 03:21:35', '2025-02-11 03:21:35', '1', 966, 'admin', 24, 0),
(307, 2, 0, '2025-02-11 03:21:57', '2025-02-11 03:21:57', '1', 967, 'admin', 24, 0),
(308, 59, 0, '2025-02-11 03:25:11', '2025-02-11 03:25:11', '1', 968, 'admin', 19, 0),
(309, 4, 0, '2025-02-11 03:28:39', '2025-02-11 03:28:39', '1', 1009, 'admin', 19, 0),
(310, 0, 0, '2025-02-11 03:31:04', '2025-02-11 03:31:04', '1', 1010, 'admin', 19, 0),
(311, 13, 0, '2025-02-11 03:31:50', '2025-02-11 03:31:50', '1', 970, 'admin', 19, 0),
(312, 16, 0, '2025-02-11 03:32:21', '2025-02-11 03:32:21', '1', 970, 'admin', 19, 0),
(313, 1, 0, '2025-02-11 03:34:00', '2025-02-11 03:34:00', '1', 972, 'admin', 19, 0),
(314, 11, 0, '2025-02-11 03:34:32', '2025-02-11 03:34:32', '1', 973, 'admin', 19, 0),
(315, 1, 0, '2025-02-11 03:34:55', '2025-02-11 03:34:55', '1', 974, 'admin', 19, 0),
(316, 23, 0, '2025-02-11 03:35:18', '2025-02-11 03:35:18', '1', 975, 'admin', 19, 0),
(317, 10, 0, '2025-02-11 03:35:45', '2025-02-11 03:35:45', '1', 976, 'admin', 19, 0),
(318, 4, 0, '2025-02-11 03:36:17', '2025-02-11 03:36:17', '1', 978, 'admin', 19, 0),
(319, 10, 0, '2025-02-11 03:36:38', '2025-02-11 03:36:38', '1', 979, 'admin', 19, 0),
(320, 3, 0, '2025-02-11 03:45:42', '2025-02-11 03:45:42', '1', 980, 'admin', 19, 0),
(321, 13, 0, '2025-02-11 03:46:13', '2025-02-11 03:46:13', '1', 979, 'admin', 19, 0),
(322, 1, 0, '2025-02-11 03:46:47', '2025-02-11 03:46:47', '1', 982, 'admin', 19, 0),
(323, 0, 0, '2025-02-11 03:47:34', '2025-02-11 03:47:34', '1', 983, 'admin', 19, 0),
(324, 6, 0, '2025-02-11 03:54:12', '2025-02-11 03:54:12', '1', 984, 'admin', 19, 0),
(325, 6, 0, '2025-02-11 03:54:38', '2025-02-11 03:54:38', '1', 985, 'admin', 19, 0),
(326, 0, 0, '2025-02-11 03:55:12', '2025-02-11 03:55:12', '1', 986, 'admin', 19, 0),
(327, 0, 0, '2025-02-11 03:56:15', '2025-02-11 03:56:15', '1', 1011, 'admin', 19, 0),
(328, 3, 0, '2025-02-11 03:56:42', '2025-02-11 03:56:42', '1', 987, 'admin', 19, 0),
(329, 0, 0, '2025-02-11 05:28:08', '2025-02-11 05:28:08', '1', 989, 'admin', 19, 0),
(331, 0, 0, '2025-02-11 05:29:33', '2025-02-11 05:29:33', '1', 988, 'admin', 19, 0),
(332, 81, 0, '2025-02-11 05:31:16', '2025-02-11 05:31:16', '1', 990, 'admin', 19, 0),
(333, 3, 0, '2025-02-11 05:32:38', '2025-02-11 05:32:38', '1', 992, 'admin', 19, 0),
(334, 8, 0, '2025-02-12 01:36:11', '2025-02-12 01:36:11', '1', 993, 'admin', 23, 0),
(335, 8, 0, '2025-02-12 01:36:48', '2025-02-12 01:36:48', '1', 994, 'admin', 23, 0),
(336, 5, 0, '2025-02-12 01:37:13', '2025-02-12 01:37:13', '1', 995, 'admin', 23, 0),
(337, 100, 0, '2025-02-12 01:38:34', '2025-02-12 01:38:34', '1', 997, 'admin', 26, 0),
(338, 200, 0, '2025-02-12 01:39:01', '2025-02-12 01:39:01', '1', 998, 'admin', 26, 0),
(339, 2000, 0, '2025-02-12 01:39:53', '2025-02-12 01:39:53', '1', 999, 'admin', 26, 0),
(340, 1000, 0, '2025-02-12 01:40:14', '2025-02-12 01:40:14', '1', 1001, 'admin', 26, 0),
(341, 1000, 0, '2025-02-12 01:40:38', '2025-02-12 01:40:38', '1', 1002, 'admin', 26, 0),
(342, 1000, 0, '2025-02-12 01:40:57', '2025-02-12 01:40:57', '1', 1003, 'admin', 26, 0),
(345, 1000, 0, '2025-02-12 01:42:18', '2025-02-12 01:42:18', '1', 1005, 'admin', 26, 0),
(344, 1000, 0, '2025-02-12 01:41:44', '2025-02-12 01:41:44', '1', 1004, 'admin', 26, 0),
(346, 1000, 0, '2025-02-12 01:42:53', '2025-02-12 01:42:53', '1', 1006, 'admin', 26, 0),
(347, 1000, 0, '2025-02-12 01:43:21', '2025-02-12 01:43:21', '1', 1007, 'admin', 26, 0),
(348, 1, 0, '2025-02-12 01:59:10', '2025-02-12 01:59:10', '1', 996, 'admin', 23, 0);

--
-- Indexes for dumped tables
--

--
-- Indexes for table `admin`
--
ALTER TABLE `admin`
  ADD PRIMARY KEY (`admin_user`),
  ADD KEY `admin_level_kode` (`admin_level_kode`);

--
-- Indexes for table `admin_level`
--
ALTER TABLE `admin_level`
  ADD PRIMARY KEY (`admin_level_kode`);

--
-- Indexes for table `customer`
--
ALTER TABLE `customer`
  ADD PRIMARY KEY (`id_customer`);

--
-- Indexes for table `identitas`
--
ALTER TABLE `identitas`
  ADD PRIMARY KEY (`identitas_id`);

--
-- Indexes for table `limitstock`
--
ALTER TABLE `limitstock`
  ADD PRIMARY KEY (`limitstock_id`);

--
-- Indexes for table `master_barang`
--
ALTER TABLE `master_barang`
  ADD PRIMARY KEY (`id_barang`);

--
-- Indexes for table `sessions`
--
ALTER TABLE `sessions`
  ADD PRIMARY KEY (`session_id`),
  ADD KEY `last_activity_idx` (`last_activity`);

--
-- Indexes for table `supplier`
--
ALTER TABLE `supplier`
  ADD PRIMARY KEY (`id_supplier`);

--
-- Indexes for table `transaksi_barang`
--
ALTER TABLE `transaksi_barang`
  ADD PRIMARY KEY (`id_transaksi`),
  ADD UNIQUE KEY `Tgl_transaksi` (`tanggal_transaksi`);

--
-- AUTO_INCREMENT for dumped tables
--

--
-- AUTO_INCREMENT for table `admin_level`
--
ALTER TABLE `admin_level`
  MODIFY `admin_level_kode` int(3) NOT NULL AUTO_INCREMENT, AUTO_INCREMENT=4;
--
-- AUTO_INCREMENT for table `customer`
--
ALTER TABLE `customer`
  MODIFY `id_customer` int(11) NOT NULL AUTO_INCREMENT, AUTO_INCREMENT=11;
--
-- AUTO_INCREMENT for table `identitas`
--
ALTER TABLE `identitas`
  MODIFY `identitas_id` int(3) NOT NULL AUTO_INCREMENT, AUTO_INCREMENT=2;
--
-- AUTO_INCREMENT for table `limitstock`
--
ALTER TABLE `limitstock`
  MODIFY `limitstock_id` int(11) NOT NULL AUTO_INCREMENT, AUTO_INCREMENT=2;
--
-- AUTO_INCREMENT for table `master_barang`
--
ALTER TABLE `master_barang`
  MODIFY `id_barang` int(11) NOT NULL AUTO_INCREMENT, AUTO_INCREMENT=1015;
--
-- AUTO_INCREMENT for table `supplier`
--
ALTER TABLE `supplier`
  MODIFY `id_supplier` int(11) NOT NULL AUTO_INCREMENT, AUTO_INCREMENT=35;
--
-- AUTO_INCREMENT for table `transaksi_barang`
--
ALTER TABLE `transaksi_barang`
  MODIFY `id_transaksi` int(11) NOT NULL AUTO_INCREMENT, AUTO_INCREMENT=349;
/*!40101 SET CHARACTER_SET_CLIENT=@OLD_CHARACTER_SET_CLIENT */;
/*!40101 SET CHARACTER_SET_RESULTS=@OLD_CHARACTER_SET_RESULTS */;
/*!40101 SET COLLATION_CONNECTION=@OLD_COLLATION_CONNECTION */;
